tag,generator,n_taxa,target_mean_branch_length,seqtype,model,seq_length,tree_seed,seq_seed,tree_path,fasta_path,status
rtree_n30_bl0.125_rep001,rtree,30,0.125,AA,WAG+G5,500,2003463832,658387045,data/trees/rtree_n30_bl0.125_rep001.nwk,data/sim/rtree_n30_bl0.125_rep001.fa,ok
rtree_n30_bl0.125_rep002,rtree,30,0.125,AA,WAG+G5,500,793530503,2142234119,data/trees/rtree_n30_bl0.125_rep002.nwk,data/sim/rtree_n30_bl0.125_rep002.fa,ok
rtree_n30_bl0.125_rep003,rtree,30,0.125,AA,WAG+G5,500,1217863484,1191445057,data/trees/rtree_n30_bl0.125_rep003.nwk,data/sim/rtree_n30_bl0.125_rep003.fa,ok
rtree_n30_bl0.125_rep004,rtree,30,0.125,AA,WAG+G5,500,2106047737,643572278,data/trees/rtree_n30_bl0.125_rep004.nwk,data/sim/rtree_n30_bl0.125_rep004.fa,ok
rtree_n30_bl0.125_rep005,rtree,30,0.125,AA,WAG+G5,500,907193701,591620064,data/trees/rtree_n30_bl0.125_rep005.nwk,data/sim/rtree_n30_bl0.125_rep005.fa,ok
rtree_n30_bl0.125_rep006,rtree,30,0.125,AA,WAG+G5,500,262781476,2051648831,data/trees/rtree_n30_bl0.125_rep006.nwk,data/sim/rtree_n30_bl0.125_rep006.fa,ok
rtree_n30_bl0.125_rep007,rtree,30,0.125,AA,WAG+G5,500,237231883,1374455257,data/trees/rtree_n30_bl0.125_rep007.nwk,data/sim/rtree_n30_bl0.125_rep007.fa,ok
rtree_n30_bl0.125_rep008,rtree,30,0.125,AA,WAG+G5,500,2136775064,81691531,data/trees/rtree_n30_bl0.125_rep008.nwk,data/sim/rtree_n30_bl0.125_rep008.fa,ok
rtree_n30_bl0.125_rep009,rtree,30,0.125,AA,WAG+G5,500,1380996244,508614838,data/trees/rtree_n30_bl0.125_rep009.nwk,data/sim/rtree_n30_bl0.125_rep009.fa,ok
rtree_n30_bl0.125_rep010,rtree,30,0.125,AA,WAG+G5,500,606092783,290656212,data/trees/rtree_n30_bl0.125_rep010.nwk,data/sim/rtree_n30_bl0.125_rep010.fa,ok
rtree_n30_bl0.125_rep011,rtree,30,0.125,AA,WAG+G5,500,783027270,1981874539,data/trees/rtree_n30_bl0.125_rep011.nwk,data/sim/rtree_n30_bl0.125_rep011.fa,ok
rtree_n30_bl0.125_rep012,rtree,30,0.125,AA,WAG+G5,500,1378186127,1542802022,data/trees/rtree_n30_bl0.125_rep012.nwk,data/sim/rtree_n30_bl0.125_rep012.fa,ok
rtree_n30_bl0.125_rep013,rtree,30,0.125,AA,WAG+G5,500,61512836,1077068723,data/trees/rtree_n30_bl0.125_rep013.nwk,data/sim/rtree_n30_bl0.125_rep013.fa,ok
rtree_n30_bl0.125_rep014,rtree,30,0.125,AA,WAG+G5,500,858674115,1643061798,data/trees/rtree_n30_bl0.125_rep014.nwk,data/sim/rtree_n30_bl0.125_rep014.fa,ok
rtree_n30_bl0.125_rep015,rtree,30,0.125,AA,WAG+G5,500,349737664,30555628,data/trees/rtree_n30_bl0.125_rep015.nwk,data/sim/rtree_n30_bl0.125_rep015.fa,ok
rtree_n30_bl0.125_rep016,rtree,30,0.125,AA,WAG+G5,500,1269179451,1030401464,data/trees/rtree_n30_bl0.125_rep016.nwk,data/sim/rtree_n30_bl0.125_rep016.fa,ok
rtree_n30_bl0.125_rep017,rtree,30,0.125,AA,WAG+G5,500,645686827,228840729,data/trees/rtree_n30_bl0.125_rep017.nwk,data/sim/rtree_n30_bl0.125_rep017.fa,ok
rtree_n30_bl0.125_rep018,rtree,30,0.125,AA,WAG+G5,500,312062497,1932145736,data/trees/rtree_n30_bl0.125_rep018.nwk,data/sim/rtree_n30_bl0.125_rep018.fa,ok
rtree_n30_bl0.125_rep019,rtree,30,0.125,AA,WAG+G5,500,239630317,1576467865,data/trees/rtree_n30_bl0.125_rep019.nwk,data/sim/rtree_n30_bl0.125_rep019.fa,ok
rtree_n30_bl0.125_rep020,rtree,30,0.125,AA,WAG+G5,500,885201677,1029823482,data/trees/rtree_n30_bl0.125_rep020.nwk,data/sim/rtree_n30_bl0.125_rep020.fa,ok
rtree_n30_bl0.125_rep021,rtree,30,0.125,AA,WAG+G5,500,1924841511,1686031929,data/trees/rtree_n30_bl0.125_rep021.nwk,data/sim/rtree_n30_bl0.125_rep021.fa,ok
rtree_n30_bl0.125_rep022,rtree,30,0.125,AA,WAG+G5,500,527274336,2117901330,data/trees/rtree_n30_bl0.125_rep022.nwk,data/sim/rtree_n30_bl0.125_rep022.fa,ok
rtree_n30_bl0.125_rep023,rtree,30,0.125,AA,WAG+G5,500,1417971587,684712931,data/trees/rtree_n30_bl0.125_rep023.nwk,data/sim/rtree_n30_bl0.125_rep023.fa,ok
rtree_n30_bl0.125_rep024,rtree,30,0.125,AA,WAG+G5,500,886647488,1709003172,data/trees/rtree_n30_bl0.125_rep024.nwk,data/sim/rtree_n30_bl0.125_rep024.fa,ok
rtree_n30_bl0.125_rep025,rtree,30,0.125,AA,WAG+G5,500,2102353201,1976480840,data/trees/rtree_n30_bl0.125_rep025.nwk,data/sim/rtree_n30_bl0.125_rep025.fa,ok
rtree_n30_bl0.125_rep026,rtree,30,0.125,AA,WAG+G5,500,1537999834,1108545688,data/trees/rtree_n30_bl0.125_rep026.nwk,data/sim/rtree_n30_bl0.125_rep026.fa,ok
rtree_n30_bl0.125_rep027,rtree,30,0.125,AA,WAG+G5,500,1207119291,1641879946,data/trees/rtree_n30_bl0.125_rep027.nwk,data/sim/rtree_n30_bl0.125_rep027.fa,ok
rtree_n30_bl0.125_rep028,rtree,30,0.125,AA,WAG+G5,500,1017705355,190287687,data/trees/rtree_n30_bl0.125_rep028.nwk,data/sim/rtree_n30_bl0.125_rep028.fa,ok
rtree_n30_bl0.125_rep029,rtree,30,0.125,AA,WAG+G5,500,1496773440,1074882915,data/trees/rtree_n30_bl0.125_rep029.nwk,data/sim/rtree_n30_bl0.125_rep029.fa,ok
rtree_n30_bl0.125_rep030,rtree,30,0.125,AA,WAG+G5,500,1807168313,31011565,data/trees/rtree_n30_bl0.125_rep030.nwk,data/sim/rtree_n30_bl0.125_rep030.fa,ok
rtree_n30_bl0.125_rep031,rtree,30,0.125,AA,WAG+G5,500,1025677210,114069427,data/trees/rtree_n30_bl0.125_rep031.nwk,data/sim/rtree_n30_bl0.125_rep031.fa,ok
rtree_n30_bl0.125_rep032,rtree,30,0.125,AA,WAG+G5,500,1792468453,114880508,data/trees/rtree_n30_bl0.125_rep032.nwk,data/sim/rtree_n30_bl0.125_rep032.fa,ok
rtree_n30_bl0.125_rep033,rtree,30,0.125,AA,WAG+G5,500,652352526,544913808,data/trees/rtree_n30_bl0.125_rep033.nwk,data/sim/rtree_n30_bl0.125_rep033.fa,ok
rtree_n30_bl0.125_rep034,rtree,30,0.125,AA,WAG+G5,500,1272978753,1784382266,data/trees/rtree_n30_bl0.125_rep034.nwk,data/sim/rtree_n30_bl0.125_rep034.fa,ok
rtree_n30_bl0.125_rep035,rtree,30,0.125,AA,WAG+G5,500,635813720,493279720,data/trees/rtree_n30_bl0.125_rep035.nwk,data/sim/rtree_n30_bl0.125_rep035.fa,ok
rtree_n30_bl0.125_rep036,rtree,30,0.125,AA,WAG+G5,500,1296705023,1851154973,data/trees/rtree_n30_bl0.125_rep036.nwk,data/sim/rtree_n30_bl0.125_rep036.fa,ok
rtree_n30_bl0.125_rep037,rtree,30,0.125,AA,WAG+G5,500,283825959,1201562212,data/trees/rtree_n30_bl0.125_rep037.nwk,data/sim/rtree_n30_bl0.125_rep037.fa,ok
rtree_n30_bl0.125_rep038,rtree,30,0.125,AA,WAG+G5,500,1451707087,531942436,data/trees/rtree_n30_bl0.125_rep038.nwk,data/sim/rtree_n30_bl0.125_rep038.fa,ok
rtree_n30_bl0.125_rep039,rtree,30,0.125,AA,WAG+G5,500,1078574109,1717690421,data/trees/rtree_n30_bl0.125_rep039.nwk,data/sim/rtree_n30_bl0.125_rep039.fa,ok
rtree_n30_bl0.125_rep040,rtree,30,0.125,AA,WAG+G5,500,103406203,1139426958,data/trees/rtree_n30_bl0.125_rep040.nwk,data/sim/rtree_n30_bl0.125_rep040.fa,ok
rtree_n30_bl0.125_rep041,rtree,30,0.125,AA,WAG+G5,500,1508801976,1464953587,data/trees/rtree_n30_bl0.125_rep041.nwk,data/sim/rtree_n30_bl0.125_rep041.fa,ok
rtree_n30_bl0.125_rep042,rtree,30,0.125,AA,WAG+G5,500,2128283058,412016252,data/trees/rtree_n30_bl0.125_rep042.nwk,data/sim/rtree_n30_bl0.125_rep042.fa,ok
rtree_n30_bl0.125_rep043,rtree,30,0.125,AA,WAG+G5,500,1787384204,413249718,data/trees/rtree_n30_bl0.125_rep043.nwk,data/sim/rtree_n30_bl0.125_rep043.fa,ok
rtree_n30_bl0.125_rep044,rtree,30,0.125,AA,WAG+G5,500,1893963694,1176768598,data/trees/rtree_n30_bl0.125_rep044.nwk,data/sim/rtree_n30_bl0.125_rep044.fa,ok
rtree_n30_bl0.125_rep045,rtree,30,0.125,AA,WAG+G5,500,1944973439,1495694516,data/trees/rtree_n30_bl0.125_rep045.nwk,data/sim/rtree_n30_bl0.125_rep045.fa,ok
rtree_n30_bl0.125_rep046,rtree,30,0.125,AA,WAG+G5,500,744731624,592634686,data/trees/rtree_n30_bl0.125_rep046.nwk,data/sim/rtree_n30_bl0.125_rep046.fa,ok
rtree_n30_bl0.125_rep047,rtree,30,0.125,AA,WAG+G5,500,142465000,2087732453,data/trees/rtree_n30_bl0.125_rep047.nwk,data/sim/rtree_n30_bl0.125_rep047.fa,ok
rtree_n30_bl0.125_rep048,rtree,30,0.125,AA,WAG+G5,500,742373419,95502669,data/trees/rtree_n30_bl0.125_rep048.nwk,data/sim/rtree_n30_bl0.125_rep048.fa,ok
rtree_n30_bl0.125_rep049,rtree,30,0.125,AA,WAG+G5,500,1570075239,469515184,data/trees/rtree_n30_bl0.125_rep049.nwk,data/sim/rtree_n30_bl0.125_rep049.fa,ok
rtree_n30_bl0.125_rep050,rtree,30,0.125,AA,WAG+G5,500,284173853,96396441,data/trees/rtree_n30_bl0.125_rep050.nwk,data/sim/rtree_n30_bl0.125_rep050.fa,ok
rtree_n30_bl0.125_rep051,rtree,30,0.125,AA,WAG+G5,500,1690682602,1237741887,data/trees/rtree_n30_bl0.125_rep051.nwk,data/sim/rtree_n30_bl0.125_rep051.fa,ok
rtree_n30_bl0.125_rep052,rtree,30,0.125,AA,WAG+G5,500,725342078,1845968219,data/trees/rtree_n30_bl0.125_rep052.nwk,data/sim/rtree_n30_bl0.125_rep052.fa,ok
rtree_n30_bl0.125_rep053,rtree,30,0.125,AA,WAG+G5,500,1653631269,2052159370,data/trees/rtree_n30_bl0.125_rep053.nwk,data/sim/rtree_n30_bl0.125_rep053.fa,ok
rtree_n30_bl0.125_rep054,rtree,30,0.125,AA,WAG+G5,500,1160248173,1890334737,data/trees/rtree_n30_bl0.125_rep054.nwk,data/sim/rtree_n30_bl0.125_rep054.fa,ok
rtree_n30_bl0.125_rep055,rtree,30,0.125,AA,WAG+G5,500,1267683114,1835408537,data/trees/rtree_n30_bl0.125_rep055.nwk,data/sim/rtree_n30_bl0.125_rep055.fa,ok
rtree_n30_bl0.125_rep056,rtree,30,0.125,AA,WAG+G5,500,572399658,985516099,data/trees/rtree_n30_bl0.125_rep056.nwk,data/sim/rtree_n30_bl0.125_rep056.fa,ok
rtree_n30_bl0.125_rep057,rtree,30,0.125,AA,WAG+G5,500,578625270,1412862216,data/trees/rtree_n30_bl0.125_rep057.nwk,data/sim/rtree_n30_bl0.125_rep057.fa,ok
rtree_n30_bl0.125_rep058,rtree,30,0.125,AA,WAG+G5,500,2033695480,524109400,data/trees/rtree_n30_bl0.125_rep058.nwk,data/sim/rtree_n30_bl0.125_rep058.fa,ok
rtree_n30_bl0.125_rep059,rtree,30,0.125,AA,WAG+G5,500,658559254,519153058,data/trees/rtree_n30_bl0.125_rep059.nwk,data/sim/rtree_n30_bl0.125_rep059.fa,ok
rtree_n30_bl0.125_rep060,rtree,30,0.125,AA,WAG+G5,500,777730008,132635706,data/trees/rtree_n30_bl0.125_rep060.nwk,data/sim/rtree_n30_bl0.125_rep060.fa,ok
rtree_n30_bl0.125_rep061,rtree,30,0.125,AA,WAG+G5,500,191914964,1948679326,data/trees/rtree_n30_bl0.125_rep061.nwk,data/sim/rtree_n30_bl0.125_rep061.fa,ok
rtree_n30_bl0.125_rep062,rtree,30,0.125,AA,WAG+G5,500,41874847,239096365,data/trees/rtree_n30_bl0.125_rep062.nwk,data/sim/rtree_n30_bl0.125_rep062.fa,ok
rtree_n30_bl0.125_rep063,rtree,30,0.125,AA,WAG+G5,500,743523760,207206454,data/trees/rtree_n30_bl0.125_rep063.nwk,data/sim/rtree_n30_bl0.125_rep063.fa,ok
rtree_n30_bl0.125_rep064,rtree,30,0.125,AA,WAG+G5,500,406689103,1353168982,data/trees/rtree_n30_bl0.125_rep064.nwk,data/sim/rtree_n30_bl0.125_rep064.fa,ok
rtree_n30_bl0.125_rep065,rtree,30,0.125,AA,WAG+G5,500,1882228264,886303713,data/trees/rtree_n30_bl0.125_rep065.nwk,data/sim/rtree_n30_bl0.125_rep065.fa,ok
rtree_n30_bl0.125_rep066,rtree,30,0.125,AA,WAG+G5,500,1138446961,1840164562,data/trees/rtree_n30_bl0.125_rep066.nwk,data/sim/rtree_n30_bl0.125_rep066.fa,ok
rtree_n30_bl0.125_rep067,rtree,30,0.125,AA,WAG+G5,500,526694809,637316440,data/trees/rtree_n30_bl0.125_rep067.nwk,data/sim/rtree_n30_bl0.125_rep067.fa,ok
rtree_n30_bl0.125_rep068,rtree,30,0.125,AA,WAG+G5,500,1810421030,451009872,data/trees/rtree_n30_bl0.125_rep068.nwk,data/sim/rtree_n30_bl0.125_rep068.fa,ok
rtree_n30_bl0.125_rep069,rtree,30,0.125,AA,WAG+G5,500,538004953,2014266720,data/trees/rtree_n30_bl0.125_rep069.nwk,data/sim/rtree_n30_bl0.125_rep069.fa,ok
rtree_n30_bl0.125_rep070,rtree,30,0.125,AA,WAG+G5,500,1142491726,510297308,data/trees/rtree_n30_bl0.125_rep070.nwk,data/sim/rtree_n30_bl0.125_rep070.fa,ok
rtree_n30_bl0.125_rep071,rtree,30,0.125,AA,WAG+G5,500,1171060338,1943627820,data/trees/rtree_n30_bl0.125_rep071.nwk,data/sim/rtree_n30_bl0.125_rep071.fa,ok
rtree_n30_bl0.125_rep072,rtree,30,0.125,AA,WAG+G5,500,646750846,2096016518,data/trees/rtree_n30_bl0.125_rep072.nwk,data/sim/rtree_n30_bl0.125_rep072.fa,ok
rtree_n30_bl0.125_rep073,rtree,30,0.125,AA,WAG+G5,500,1387791230,1946680927,data/trees/rtree_n30_bl0.125_rep073.nwk,data/sim/rtree_n30_bl0.125_rep073.fa,ok
rtree_n30_bl0.125_rep074,rtree,30,0.125,AA,WAG+G5,500,1157947918,620192996,data/trees/rtree_n30_bl0.125_rep074.nwk,data/sim/rtree_n30_bl0.125_rep074.fa,ok
rtree_n30_bl0.125_rep075,rtree,30,0.125,AA,WAG+G5,500,287145551,1176565142,data/trees/rtree_n30_bl0.125_rep075.nwk,data/sim/rtree_n30_bl0.125_rep075.fa,ok
rtree_n30_bl0.125_rep076,rtree,30,0.125,AA,WAG+G5,500,241571875,1039640378,data/trees/rtree_n30_bl0.125_rep076.nwk,data/sim/rtree_n30_bl0.125_rep076.fa,ok
rtree_n30_bl0.125_rep077,rtree,30,0.125,AA,WAG+G5,500,1962814995,1790381287,data/trees/rtree_n30_bl0.125_rep077.nwk,data/sim/rtree_n30_bl0.125_rep077.fa,ok
rtree_n30_bl0.125_rep078,rtree,30,0.125,AA,WAG+G5,500,1979114560,1676054940,data/trees/rtree_n30_bl0.125_rep078.nwk,data/sim/rtree_n30_bl0.125_rep078.fa,ok
rtree_n30_bl0.125_rep079,rtree,30,0.125,AA,WAG+G5,500,139816216,1575665956,data/trees/rtree_n30_bl0.125_rep079.nwk,data/sim/rtree_n30_bl0.125_rep079.fa,ok
rtree_n30_bl0.125_rep080,rtree,30,0.125,AA,WAG+G5,500,113654878,1710310850,data/trees/rtree_n30_bl0.125_rep080.nwk,data/sim/rtree_n30_bl0.125_rep080.fa,ok
rtree_n30_bl0.125_rep081,rtree,30,0.125,AA,WAG+G5,500,227742190,498255893,data/trees/rtree_n30_bl0.125_rep081.nwk,data/sim/rtree_n30_bl0.125_rep081.fa,ok
rtree_n30_bl0.125_rep082,rtree,30,0.125,AA,WAG+G5,500,1774451410,1073208234,data/trees/rtree_n30_bl0.125_rep082.nwk,data/sim/rtree_n30_bl0.125_rep082.fa,ok
rtree_n30_bl0.125_rep083,rtree,30,0.125,AA,WAG+G5,500,1814343894,1720440047,data/trees/rtree_n30_bl0.125_rep083.nwk,data/sim/rtree_n30_bl0.125_rep083.fa,ok
rtree_n30_bl0.125_rep084,rtree,30,0.125,AA,WAG+G5,500,120276793,1429925110,data/trees/rtree_n30_bl0.125_rep084.nwk,data/sim/rtree_n30_bl0.125_rep084.fa,ok
rtree_n30_bl0.125_rep085,rtree,30,0.125,AA,WAG+G5,500,946114009,858256332,data/trees/rtree_n30_bl0.125_rep085.nwk,data/sim/rtree_n30_bl0.125_rep085.fa,ok
rtree_n30_bl0.125_rep086,rtree,30,0.125,AA,WAG+G5,500,1606839308,243210562,data/trees/rtree_n30_bl0.125_rep086.nwk,data/sim/rtree_n30_bl0.125_rep086.fa,ok
rtree_n30_bl0.125_rep087,rtree,30,0.125,AA,WAG+G5,500,1020426852,1365443782,data/trees/rtree_n30_bl0.125_rep087.nwk,data/sim/rtree_n30_bl0.125_rep087.fa,ok
rtree_n30_bl0.125_rep088,rtree,30,0.125,AA,WAG+G5,500,545337370,622129449,data/trees/rtree_n30_bl0.125_rep088.nwk,data/sim/rtree_n30_bl0.125_rep088.fa,ok
rtree_n30_bl0.125_rep089,rtree,30,0.125,AA,WAG+G5,500,1992501737,901254815,data/trees/rtree_n30_bl0.125_rep089.nwk,data/sim/rtree_n30_bl0.125_rep089.fa,ok
rtree_n30_bl0.125_rep090,rtree,30,0.125,AA,WAG+G5,500,1737612794,1233102098,data/trees/rtree_n30_bl0.125_rep090.nwk,data/sim/rtree_n30_bl0.125_rep090.fa,ok
rtree_n30_bl0.125_rep091,rtree,30,0.125,AA,WAG+G5,500,548423356,1170624929,data/trees/rtree_n30_bl0.125_rep091.nwk,data/sim/rtree_n30_bl0.125_rep091.fa,ok
rtree_n30_bl0.125_rep092,rtree,30,0.125,AA,WAG+G5,500,1382107156,1916603659,data/trees/rtree_n30_bl0.125_rep092.nwk,data/sim/rtree_n30_bl0.125_rep092.fa,ok
rtree_n30_bl0.125_rep093,rtree,30,0.125,AA,WAG+G5,500,305189822,459924229,data/trees/rtree_n30_bl0.125_rep093.nwk,data/sim/rtree_n30_bl0.125_rep093.fa,ok
rtree_n30_bl0.125_rep094,rtree,30,0.125,AA,WAG+G5,500,1358668735,1822580693,data/trees/rtree_n30_bl0.125_rep094.nwk,data/sim/rtree_n30_bl0.125_rep094.fa,ok
rtree_n30_bl0.125_rep095,rtree,30,0.125,AA,WAG+G5,500,486836603,715137229,data/trees/rtree_n30_bl0.125_rep095.nwk,data/sim/rtree_n30_bl0.125_rep095.fa,ok
rtree_n30_bl0.125_rep096,rtree,30,0.125,AA,WAG+G5,500,1792703723,285940129,data/trees/rtree_n30_bl0.125_rep096.nwk,data/sim/rtree_n30_bl0.125_rep096.fa,ok
rtree_n30_bl0.125_rep097,rtree,30,0.125,AA,WAG+G5,500,37263645,801271370,data/trees/rtree_n30_bl0.125_rep097.nwk,data/sim/rtree_n30_bl0.125_rep097.fa,ok
rtree_n30_bl0.125_rep098,rtree,30,0.125,AA,WAG+G5,500,719946652,68228537,data/trees/rtree_n30_bl0.125_rep098.nwk,data/sim/rtree_n30_bl0.125_rep098.fa,ok
rtree_n30_bl0.125_rep099,rtree,30,0.125,AA,WAG+G5,500,70676673,410394019,data/trees/rtree_n30_bl0.125_rep099.nwk,data/sim/rtree_n30_bl0.125_rep099.fa,ok
rtree_n30_bl0.125_rep100,rtree,30,0.125,AA,WAG+G5,500,1084697861,47351014,data/trees/rtree_n30_bl0.125_rep100.nwk,data/sim/rtree_n30_bl0.125_rep100.fa,ok
rtree_n30_bl0.250_rep001,rtree,30,0.25,AA,WAG+G5,500,427953434,607000566,data/trees/rtree_n30_bl0.250_rep001.nwk,data/sim/rtree_n30_bl0.250_rep001.fa,ok
rtree_n30_bl0.250_rep002,rtree,30,0.25,AA,WAG+G5,500,877741994,1866171867,data/trees/rtree_n30_bl0.250_rep002.nwk,data/sim/rtree_n30_bl0.250_rep002.fa,ok
rtree_n30_bl0.250_rep003,rtree,30,0.25,AA,WAG+G5,500,1055974824,761017542,data/trees/rtree_n30_bl0.250_rep003.nwk,data/sim/rtree_n30_bl0.250_rep003.fa,ok
rtree_n30_bl0.250_rep004,rtree,30,0.25,AA,WAG+G5,500,816002336,1861622388,data/trees/rtree_n30_bl0.250_rep004.nwk,data/sim/rtree_n30_bl0.250_rep004.fa,ok
rtree_n30_bl0.250_rep005,rtree,30,0.25,AA,WAG+G5,500,802904858,1701001902,data/trees/rtree_n30_bl0.250_rep005.nwk,data/sim/rtree_n30_bl0.250_rep005.fa,ok
rtree_n30_bl0.250_rep006,rtree,30,0.25,AA,WAG+G5,500,455608798,1570641963,data/trees/rtree_n30_bl0.250_rep006.nwk,data/sim/rtree_n30_bl0.250_rep006.fa,ok
rtree_n30_bl0.250_rep007,rtree,30,0.25,AA,WAG+G5,500,1634111981,1592662575,data/trees/rtree_n30_bl0.250_rep007.nwk,data/sim/rtree_n30_bl0.250_rep007.fa,ok
rtree_n30_bl0.250_rep008,rtree,30,0.25,AA,WAG+G5,500,95023480,400478177,data/trees/rtree_n30_bl0.250_rep008.nwk,data/sim/rtree_n30_bl0.250_rep008.fa,ok
rtree_n30_bl0.250_rep009,rtree,30,0.25,AA,WAG+G5,500,1177585555,1488563554,data/trees/rtree_n30_bl0.250_rep009.nwk,data/sim/rtree_n30_bl0.250_rep009.fa,ok
rtree_n30_bl0.250_rep010,rtree,30,0.25,AA,WAG+G5,500,621596441,726688014,data/trees/rtree_n30_bl0.250_rep010.nwk,data/sim/rtree_n30_bl0.250_rep010.fa,ok
rtree_n30_bl0.250_rep011,rtree,30,0.25,AA,WAG+G5,500,2057110623,1022833766,data/trees/rtree_n30_bl0.250_rep011.nwk,data/sim/rtree_n30_bl0.250_rep011.fa,ok
rtree_n30_bl0.250_rep012,rtree,30,0.25,AA,WAG+G5,500,1538491168,64066362,data/trees/rtree_n30_bl0.250_rep012.nwk,data/sim/rtree_n30_bl0.250_rep012.fa,ok
rtree_n30_bl0.250_rep013,rtree,30,0.25,AA,WAG+G5,500,1768554041,884004256,data/trees/rtree_n30_bl0.250_rep013.nwk,data/sim/rtree_n30_bl0.250_rep013.fa,ok
rtree_n30_bl0.250_rep014,rtree,30,0.25,AA,WAG+G5,500,327690659,1792454741,data/trees/rtree_n30_bl0.250_rep014.nwk,data/sim/rtree_n30_bl0.250_rep014.fa,ok
rtree_n30_bl0.250_rep015,rtree,30,0.25,AA,WAG+G5,500,787002700,462834430,data/trees/rtree_n30_bl0.250_rep015.nwk,data/sim/rtree_n30_bl0.250_rep015.fa,ok
rtree_n30_bl0.250_rep016,rtree,30,0.25,AA,WAG+G5,500,1737042377,812763865,data/trees/rtree_n30_bl0.250_rep016.nwk,data/sim/rtree_n30_bl0.250_rep016.fa,ok
rtree_n30_bl0.250_rep017,rtree,30,0.25,AA,WAG+G5,500,1150690194,2057525388,data/trees/rtree_n30_bl0.250_rep017.nwk,data/sim/rtree_n30_bl0.250_rep017.fa,ok
rtree_n30_bl0.250_rep018,rtree,30,0.25,AA,WAG+G5,500,564056847,1342073506,data/trees/rtree_n30_bl0.250_rep018.nwk,data/sim/rtree_n30_bl0.250_rep018.fa,ok
rtree_n30_bl0.250_rep019,rtree,30,0.25,AA,WAG+G5,500,1224031070,815887354,data/trees/rtree_n30_bl0.250_rep019.nwk,data/sim/rtree_n30_bl0.250_rep019.fa,ok
rtree_n30_bl0.250_rep020,rtree,30,0.25,AA,WAG+G5,500,992476777,1150099524,data/trees/rtree_n30_bl0.250_rep020.nwk,data/sim/rtree_n30_bl0.250_rep020.fa,ok
rtree_n30_bl0.250_rep021,rtree,30,0.25,AA,WAG+G5,500,1481257858,1547481548,data/trees/rtree_n30_bl0.250_rep021.nwk,data/sim/rtree_n30_bl0.250_rep021.fa,ok
rtree_n30_bl0.250_rep022,rtree,30,0.25,AA,WAG+G5,500,1822051078,547017256,data/trees/rtree_n30_bl0.250_rep022.nwk,data/sim/rtree_n30_bl0.250_rep022.fa,ok
rtree_n30_bl0.250_rep023,rtree,30,0.25,AA,WAG+G5,500,1953324876,2015617012,data/trees/rtree_n30_bl0.250_rep023.nwk,data/sim/rtree_n30_bl0.250_rep023.fa,ok
rtree_n30_bl0.250_rep024,rtree,30,0.25,AA,WAG+G5,500,1200309807,315309658,data/trees/rtree_n30_bl0.250_rep024.nwk,data/sim/rtree_n30_bl0.250_rep024.fa,ok
rtree_n30_bl0.250_rep025,rtree,30,0.25,AA,WAG+G5,500,1424916134,1507394793,data/trees/rtree_n30_bl0.250_rep025.nwk,data/sim/rtree_n30_bl0.250_rep025.fa,ok
rtree_n30_bl0.250_rep026,rtree,30,0.25,AA,WAG+G5,500,2061708890,1936456700,data/trees/rtree_n30_bl0.250_rep026.nwk,data/sim/rtree_n30_bl0.250_rep026.fa,ok
rtree_n30_bl0.250_rep027,rtree,30,0.25,AA,WAG+G5,500,864883407,1739928326,data/trees/rtree_n30_bl0.250_rep027.nwk,data/sim/rtree_n30_bl0.250_rep027.fa,ok
rtree_n30_bl0.250_rep028,rtree,30,0.25,AA,WAG+G5,500,872357858,1997409731,data/trees/rtree_n30_bl0.250_rep028.nwk,data/sim/rtree_n30_bl0.250_rep028.fa,ok
rtree_n30_bl0.250_rep029,rtree,30,0.25,AA,WAG+G5,500,486839894,593656974,data/trees/rtree_n30_bl0.250_rep029.nwk,data/sim/rtree_n30_bl0.250_rep029.fa,ok
rtree_n30_bl0.250_rep030,rtree,30,0.25,AA,WAG+G5,500,1883260051,1283640501,data/trees/rtree_n30_bl0.250_rep030.nwk,data/sim/rtree_n30_bl0.250_rep030.fa,ok
rtree_n30_bl0.250_rep031,rtree,30,0.25,AA,WAG+G5,500,561413668,363171069,data/trees/rtree_n30_bl0.250_rep031.nwk,data/sim/rtree_n30_bl0.250_rep031.fa,ok
rtree_n30_bl0.250_rep032,rtree,30,0.25,AA,WAG+G5,500,155819715,2103315335,data/trees/rtree_n30_bl0.250_rep032.nwk,data/sim/rtree_n30_bl0.250_rep032.fa,ok
rtree_n30_bl0.250_rep033,rtree,30,0.25,AA,WAG+G5,500,606585376,330008059,data/trees/rtree_n30_bl0.250_rep033.nwk,data/sim/rtree_n30_bl0.250_rep033.fa,ok
rtree_n30_bl0.250_rep034,rtree,30,0.25,AA,WAG+G5,500,613460808,1128114939,data/trees/rtree_n30_bl0.250_rep034.nwk,data/sim/rtree_n30_bl0.250_rep034.fa,ok
rtree_n30_bl0.250_rep035,rtree,30,0.25,AA,WAG+G5,500,1985166910,2094519658,data/trees/rtree_n30_bl0.250_rep035.nwk,data/sim/rtree_n30_bl0.250_rep035.fa,ok
rtree_n30_bl0.250_rep036,rtree,30,0.25,AA,WAG+G5,500,1564522964,535150912,data/trees/rtree_n30_bl0.250_rep036.nwk,data/sim/rtree_n30_bl0.250_rep036.fa,ok
rtree_n30_bl0.250_rep037,rtree,30,0.25,AA,WAG+G5,500,1768885041,1863385294,data/trees/rtree_n30_bl0.250_rep037.nwk,data/sim/rtree_n30_bl0.250_rep037.fa,ok
rtree_n30_bl0.250_rep038,rtree,30,0.25,AA,WAG+G5,500,1728792214,302794993,data/trees/rtree_n30_bl0.250_rep038.nwk,data/sim/rtree_n30_bl0.250_rep038.fa,ok
rtree_n30_bl0.250_rep039,rtree,30,0.25,AA,WAG+G5,500,1604384270,46467594,data/trees/rtree_n30_bl0.250_rep039.nwk,data/sim/rtree_n30_bl0.250_rep039.fa,ok
rtree_n30_bl0.250_rep040,rtree,30,0.25,AA,WAG+G5,500,1295280196,315968744,data/trees/rtree_n30_bl0.250_rep040.nwk,data/sim/rtree_n30_bl0.250_rep040.fa,ok
rtree_n30_bl0.250_rep041,rtree,30,0.25,AA,WAG+G5,500,232482951,429686828,data/trees/rtree_n30_bl0.250_rep041.nwk,data/sim/rtree_n30_bl0.250_rep041.fa,ok
rtree_n30_bl0.250_rep042,rtree,30,0.25,AA,WAG+G5,500,1799776913,435618422,data/trees/rtree_n30_bl0.250_rep042.nwk,data/sim/rtree_n30_bl0.250_rep042.fa,ok
rtree_n30_bl0.250_rep043,rtree,30,0.25,AA,WAG+G5,500,23426728,1792932660,data/trees/rtree_n30_bl0.250_rep043.nwk,data/sim/rtree_n30_bl0.250_rep043.fa,ok
rtree_n30_bl0.250_rep044,rtree,30,0.25,AA,WAG+G5,500,1261900343,77378545,data/trees/rtree_n30_bl0.250_rep044.nwk,data/sim/rtree_n30_bl0.250_rep044.fa,ok
rtree_n30_bl0.250_rep045,rtree,30,0.25,AA,WAG+G5,500,2127136615,1140616089,data/trees/rtree_n30_bl0.250_rep045.nwk,data/sim/rtree_n30_bl0.250_rep045.fa,ok
rtree_n30_bl0.250_rep046,rtree,30,0.25,AA,WAG+G5,500,1243755011,2058653128,data/trees/rtree_n30_bl0.250_rep046.nwk,data/sim/rtree_n30_bl0.250_rep046.fa,ok
rtree_n30_bl0.250_rep047,rtree,30,0.25,AA,WAG+G5,500,1621381111,1210695334,data/trees/rtree_n30_bl0.250_rep047.nwk,data/sim/rtree_n30_bl0.250_rep047.fa,ok
rtree_n30_bl0.250_rep048,rtree,30,0.25,AA,WAG+G5,500,779162080,2060485781,data/trees/rtree_n30_bl0.250_rep048.nwk,data/sim/rtree_n30_bl0.250_rep048.fa,ok
rtree_n30_bl0.250_rep049,rtree,30,0.25,AA,WAG+G5,500,333114794,864746527,data/trees/rtree_n30_bl0.250_rep049.nwk,data/sim/rtree_n30_bl0.250_rep049.fa,ok
rtree_n30_bl0.250_rep050,rtree,30,0.25,AA,WAG+G5,500,153777573,1269026602,data/trees/rtree_n30_bl0.250_rep050.nwk,data/sim/rtree_n30_bl0.250_rep050.fa,ok
rtree_n30_bl0.250_rep051,rtree,30,0.25,AA,WAG+G5,500,121778949,715831541,data/trees/rtree_n30_bl0.250_rep051.nwk,data/sim/rtree_n30_bl0.250_rep051.fa,ok
rtree_n30_bl0.250_rep052,rtree,30,0.25,AA,WAG+G5,500,1839009332,779464122,data/trees/rtree_n30_bl0.250_rep052.nwk,data/sim/rtree_n30_bl0.250_rep052.fa,ok
rtree_n30_bl0.250_rep053,rtree,30,0.25,AA,WAG+G5,500,480795946,46023344,data/trees/rtree_n30_bl0.250_rep053.nwk,data/sim/rtree_n30_bl0.250_rep053.fa,ok
rtree_n30_bl0.250_rep054,rtree,30,0.25,AA,WAG+G5,500,2125716675,1740576494,data/trees/rtree_n30_bl0.250_rep054.nwk,data/sim/rtree_n30_bl0.250_rep054.fa,ok
rtree_n30_bl0.250_rep055,rtree,30,0.25,AA,WAG+G5,500,1472033332,1958245400,data/trees/rtree_n30_bl0.250_rep055.nwk,data/sim/rtree_n30_bl0.250_rep055.fa,ok
rtree_n30_bl0.250_rep056,rtree,30,0.25,AA,WAG+G5,500,184282111,21404519,data/trees/rtree_n30_bl0.250_rep056.nwk,data/sim/rtree_n30_bl0.250_rep056.fa,ok
rtree_n30_bl0.250_rep057,rtree,30,0.25,AA,WAG+G5,500,1572659212,1558434578,data/trees/rtree_n30_bl0.250_rep057.nwk,data/sim/rtree_n30_bl0.250_rep057.fa,ok
rtree_n30_bl0.250_rep058,rtree,30,0.25,AA,WAG+G5,500,901085665,358599978,data/trees/rtree_n30_bl0.250_rep058.nwk,data/sim/rtree_n30_bl0.250_rep058.fa,ok
rtree_n30_bl0.250_rep059,rtree,30,0.25,AA,WAG+G5,500,1303962848,2121118714,data/trees/rtree_n30_bl0.250_rep059.nwk,data/sim/rtree_n30_bl0.250_rep059.fa,ok
rtree_n30_bl0.250_rep060,rtree,30,0.25,AA,WAG+G5,500,1689348141,1193763932,data/trees/rtree_n30_bl0.250_rep060.nwk,data/sim/rtree_n30_bl0.250_rep060.fa,ok
rtree_n30_bl0.250_rep061,rtree,30,0.25,AA,WAG+G5,500,2018026876,616125218,data/trees/rtree_n30_bl0.250_rep061.nwk,data/sim/rtree_n30_bl0.250_rep061.fa,ok
rtree_n30_bl0.250_rep062,rtree,30,0.25,AA,WAG+G5,500,999378721,1917756483,data/trees/rtree_n30_bl0.250_rep062.nwk,data/sim/rtree_n30_bl0.250_rep062.fa,ok
rtree_n30_bl0.250_rep063,rtree,30,0.25,AA,WAG+G5,500,457589961,2056204965,data/trees/rtree_n30_bl0.250_rep063.nwk,data/sim/rtree_n30_bl0.250_rep063.fa,ok
rtree_n30_bl0.250_rep064,rtree,30,0.25,AA,WAG+G5,500,773659244,2043588882,data/trees/rtree_n30_bl0.250_rep064.nwk,data/sim/rtree_n30_bl0.250_rep064.fa,ok
rtree_n30_bl0.250_rep065,rtree,30,0.25,AA,WAG+G5,500,2121441992,943290031,data/trees/rtree_n30_bl0.250_rep065.nwk,data/sim/rtree_n30_bl0.250_rep065.fa,ok
rtree_n30_bl0.250_rep066,rtree,30,0.25,AA,WAG+G5,500,620577846,633017300,data/trees/rtree_n30_bl0.250_rep066.nwk,data/sim/rtree_n30_bl0.250_rep066.fa,ok
rtree_n30_bl0.250_rep067,rtree,30,0.25,AA,WAG+G5,500,2051081483,846541648,data/trees/rtree_n30_bl0.250_rep067.nwk,data/sim/rtree_n30_bl0.250_rep067.fa,ok
rtree_n30_bl0.250_rep068,rtree,30,0.25,AA,WAG+G5,500,932703381,173731521,data/trees/rtree_n30_bl0.250_rep068.nwk,data/sim/rtree_n30_bl0.250_rep068.fa,ok
rtree_n30_bl0.250_rep069,rtree,30,0.25,AA,WAG+G5,500,982588337,660193942,data/trees/rtree_n30_bl0.250_rep069.nwk,data/sim/rtree_n30_bl0.250_rep069.fa,ok
rtree_n30_bl0.250_rep070,rtree,30,0.25,AA,WAG+G5,500,978356328,1237206879,data/trees/rtree_n30_bl0.250_rep070.nwk,data/sim/rtree_n30_bl0.250_rep070.fa,ok
rtree_n30_bl0.250_rep071,rtree,30,0.25,AA,WAG+G5,500,622513722,583342991,data/trees/rtree_n30_bl0.250_rep071.nwk,data/sim/rtree_n30_bl0.250_rep071.fa,ok
rtree_n30_bl0.250_rep072,rtree,30,0.25,AA,WAG+G5,500,499137829,1945447612,data/trees/rtree_n30_bl0.250_rep072.nwk,data/sim/rtree_n30_bl0.250_rep072.fa,ok
rtree_n30_bl0.250_rep073,rtree,30,0.25,AA,WAG+G5,500,1772201592,130638669,data/trees/rtree_n30_bl0.250_rep073.nwk,data/sim/rtree_n30_bl0.250_rep073.fa,ok
rtree_n30_bl0.250_rep074,rtree,30,0.25,AA,WAG+G5,500,373545249,2131579512,data/trees/rtree_n30_bl0.250_rep074.nwk,data/sim/rtree_n30_bl0.250_rep074.fa,ok
rtree_n30_bl0.250_rep075,rtree,30,0.25,AA,WAG+G5,500,2062166677,74526379,data/trees/rtree_n30_bl0.250_rep075.nwk,data/sim/rtree_n30_bl0.250_rep075.fa,ok
rtree_n30_bl0.250_rep076,rtree,30,0.25,AA,WAG+G5,500,69101965,1860173267,data/trees/rtree_n30_bl0.250_rep076.nwk,data/sim/rtree_n30_bl0.250_rep076.fa,ok
rtree_n30_bl0.250_rep077,rtree,30,0.25,AA,WAG+G5,500,412080951,1372051423,data/trees/rtree_n30_bl0.250_rep077.nwk,data/sim/rtree_n30_bl0.250_rep077.fa,ok
rtree_n30_bl0.250_rep078,rtree,30,0.25,AA,WAG+G5,500,1088760637,1015264670,data/trees/rtree_n30_bl0.250_rep078.nwk,data/sim/rtree_n30_bl0.250_rep078.fa,ok
rtree_n30_bl0.250_rep079,rtree,30,0.25,AA,WAG+G5,500,1671792185,1467609960,data/trees/rtree_n30_bl0.250_rep079.nwk,data/sim/rtree_n30_bl0.250_rep079.fa,ok
rtree_n30_bl0.250_rep080,rtree,30,0.25,AA,WAG+G5,500,731783756,936252403,data/trees/rtree_n30_bl0.250_rep080.nwk,data/sim/rtree_n30_bl0.250_rep080.fa,ok
rtree_n30_bl0.250_rep081,rtree,30,0.25,AA,WAG+G5,500,1929724659,429078212,data/trees/rtree_n30_bl0.250_rep081.nwk,data/sim/rtree_n30_bl0.250_rep081.fa,ok
rtree_n30_bl0.250_rep082,rtree,30,0.25,AA,WAG+G5,500,1576537536,1220943941,data/trees/rtree_n30_bl0.250_rep082.nwk,data/sim/rtree_n30_bl0.250_rep082.fa,ok
rtree_n30_bl0.250_rep083,rtree,30,0.25,AA,WAG+G5,500,300938674,890784999,data/trees/rtree_n30_bl0.250_rep083.nwk,data/sim/rtree_n30_bl0.250_rep083.fa,ok
rtree_n30_bl0.250_rep084,rtree,30,0.25,AA,WAG+G5,500,1184784636,588026182,data/trees/rtree_n30_bl0.250_rep084.nwk,data/sim/rtree_n30_bl0.250_rep084.fa,ok
rtree_n30_bl0.250_rep085,rtree,30,0.25,AA,WAG+G5,500,494823666,1707163952,data/trees/rtree_n30_bl0.250_rep085.nwk,data/sim/rtree_n30_bl0.250_rep085.fa,ok
rtree_n30_bl0.250_rep086,rtree,30,0.25,AA,WAG+G5,500,2141063693,1236575902,data/trees/rtree_n30_bl0.250_rep086.nwk,data/sim/rtree_n30_bl0.250_rep086.fa,ok
rtree_n30_bl0.250_rep087,rtree,30,0.25,AA,WAG+G5,500,685017100,611386657,data/trees/rtree_n30_bl0.250_rep087.nwk,data/sim/rtree_n30_bl0.250_rep087.fa,ok
rtree_n30_bl0.250_rep088,rtree,30,0.25,AA,WAG+G5,500,848518052,834231575,data/trees/rtree_n30_bl0.250_rep088.nwk,data/sim/rtree_n30_bl0.250_rep088.fa,ok
rtree_n30_bl0.250_rep089,rtree,30,0.25,AA,WAG+G5,500,223644513,1923540514,data/trees/rtree_n30_bl0.250_rep089.nwk,data/sim/rtree_n30_bl0.250_rep089.fa,ok
rtree_n30_bl0.250_rep090,rtree,30,0.25,AA,WAG+G5,500,267047866,228049716,data/trees/rtree_n30_bl0.250_rep090.nwk,data/sim/rtree_n30_bl0.250_rep090.fa,ok
rtree_n30_bl0.250_rep091,rtree,30,0.25,AA,WAG+G5,500,1719895292,1247610909,data/trees/rtree_n30_bl0.250_rep091.nwk,data/sim/rtree_n30_bl0.250_rep091.fa,ok
rtree_n30_bl0.250_rep092,rtree,30,0.25,AA,WAG+G5,500,1118006249,2129902298,data/trees/rtree_n30_bl0.250_rep092.nwk,data/sim/rtree_n30_bl0.250_rep092.fa,ok
rtree_n30_bl0.250_rep093,rtree,30,0.25,AA,WAG+G5,500,905130696,886367544,data/trees/rtree_n30_bl0.250_rep093.nwk,data/sim/rtree_n30_bl0.250_rep093.fa,ok
rtree_n30_bl0.250_rep094,rtree,30,0.25,AA,WAG+G5,500,881983620,1178216601,data/trees/rtree_n30_bl0.250_rep094.nwk,data/sim/rtree_n30_bl0.250_rep094.fa,ok
rtree_n30_bl0.250_rep095,rtree,30,0.25,AA,WAG+G5,500,522459909,1057760913,data/trees/rtree_n30_bl0.250_rep095.nwk,data/sim/rtree_n30_bl0.250_rep095.fa,ok
rtree_n30_bl0.250_rep096,rtree,30,0.25,AA,WAG+G5,500,394205509,868298858,data/trees/rtree_n30_bl0.250_rep096.nwk,data/sim/rtree_n30_bl0.250_rep096.fa,ok
rtree_n30_bl0.250_rep097,rtree,30,0.25,AA,WAG+G5,500,666722757,1965983197,data/trees/rtree_n30_bl0.250_rep097.nwk,data/sim/rtree_n30_bl0.250_rep097.fa,ok
rtree_n30_bl0.250_rep098,rtree,30,0.25,AA,WAG+G5,500,517845994,924395328,data/trees/rtree_n30_bl0.250_rep098.nwk,data/sim/rtree_n30_bl0.250_rep098.fa,ok
rtree_n30_bl0.250_rep099,rtree,30,0.25,AA,WAG+G5,500,756521587,1351203194,data/trees/rtree_n30_bl0.250_rep099.nwk,data/sim/rtree_n30_bl0.250_rep099.fa,ok
rtree_n30_bl0.250_rep100,rtree,30,0.25,AA,WAG+G5,500,1133490586,1796130520,data/trees/rtree_n30_bl0.250_rep100.nwk,data/sim/rtree_n30_bl0.250_rep100.fa,ok
rtree_n30_bl0.500_rep001,rtree,30,0.5,AA,WAG+G5,500,625250145,1216228444,data/trees/rtree_n30_bl0.500_rep001.nwk,data/sim/rtree_n30_bl0.500_rep001.fa,ok
rtree_n30_bl0.500_rep002,rtree,30,0.5,AA,WAG+G5,500,2127815089,1719061945,data/trees/rtree_n30_bl0.500_rep002.nwk,data/sim/rtree_n30_bl0.500_rep002.fa,ok
rtree_n30_bl0.500_rep003,rtree,30,0.5,AA,WAG+G5,500,982628025,1737683092,data/trees/rtree_n30_bl0.500_rep003.nwk,data/sim/rtree_n30_bl0.500_rep003.fa,ok
rtree_n30_bl0.500_rep004,rtree,30,0.5,AA,WAG+G5,500,2034061772,930691068,data/trees/rtree_n30_bl0.500_rep004.nwk,data/sim/rtree_n30_bl0.500_rep004.fa,ok
rtree_n30_bl0.500_rep005,rtree,30,0.5,AA,WAG+G5,500,367847787,362835485,data/trees/rtree_n30_bl0.500_rep005.nwk,data/sim/rtree_n30_bl0.500_rep005.fa,ok
rtree_n30_bl0.500_rep006,rtree,30,0.5,AA,WAG+G5,500,739009480,1629969270,data/trees/rtree_n30_bl0.500_rep006.nwk,data/sim/rtree_n30_bl0.500_rep006.fa,ok
rtree_n30_bl0.500_rep007,rtree,30,0.5,AA,WAG+G5,500,1851311581,34190422,data/trees/rtree_n30_bl0.500_rep007.nwk,data/sim/rtree_n30_bl0.500_rep007.fa,ok
rtree_n30_bl0.500_rep008,rtree,30,0.5,AA,WAG+G5,500,66546996,2143571463,data/trees/rtree_n30_bl0.500_rep008.nwk,data/sim/rtree_n30_bl0.500_rep008.fa,ok
rtree_n30_bl0.500_rep009,rtree,30,0.5,AA,WAG+G5,500,1804945540,699274089,data/trees/rtree_n30_bl0.500_rep009.nwk,data/sim/rtree_n30_bl0.500_rep009.fa,ok
rtree_n30_bl0.500_rep010,rtree,30,0.5,AA,WAG+G5,500,1385680531,1932284060,data/trees/rtree_n30_bl0.500_rep010.nwk,data/sim/rtree_n30_bl0.500_rep010.fa,ok
rtree_n30_bl0.500_rep011,rtree,30,0.5,AA,WAG+G5,500,2048076328,1571533749,data/trees/rtree_n30_bl0.500_rep011.nwk,data/sim/rtree_n30_bl0.500_rep011.fa,ok
rtree_n30_bl0.500_rep012,rtree,30,0.5,AA,WAG+G5,500,1801005516,1455280724,data/trees/rtree_n30_bl0.500_rep012.nwk,data/sim/rtree_n30_bl0.500_rep012.fa,ok
rtree_n30_bl0.500_rep013,rtree,30,0.5,AA,WAG+G5,500,1292535815,2003233616,data/trees/rtree_n30_bl0.500_rep013.nwk,data/sim/rtree_n30_bl0.500_rep013.fa,ok
rtree_n30_bl0.500_rep014,rtree,30,0.5,AA,WAG+G5,500,2119951112,650184500,data/trees/rtree_n30_bl0.500_rep014.nwk,data/sim/rtree_n30_bl0.500_rep014.fa,ok
rtree_n30_bl0.500_rep015,rtree,30,0.5,AA,WAG+G5,500,2048768747,995206455,data/trees/rtree_n30_bl0.500_rep015.nwk,data/sim/rtree_n30_bl0.500_rep015.fa,ok
rtree_n30_bl0.500_rep016,rtree,30,0.5,AA,WAG+G5,500,1765500167,56840958,data/trees/rtree_n30_bl0.500_rep016.nwk,data/sim/rtree_n30_bl0.500_rep016.fa,ok
rtree_n30_bl0.500_rep017,rtree,30,0.5,AA,WAG+G5,500,2006885544,1219403762,data/trees/rtree_n30_bl0.500_rep017.nwk,data/sim/rtree_n30_bl0.500_rep017.fa,ok
rtree_n30_bl0.500_rep018,rtree,30,0.5,AA,WAG+G5,500,1291307142,148487282,data/trees/rtree_n30_bl0.500_rep018.nwk,data/sim/rtree_n30_bl0.500_rep018.fa,ok
rtree_n30_bl0.500_rep019,rtree,30,0.5,AA,WAG+G5,500,1428934943,1312135031,data/trees/rtree_n30_bl0.500_rep019.nwk,data/sim/rtree_n30_bl0.500_rep019.fa,ok
rtree_n30_bl0.500_rep020,rtree,30,0.5,AA,WAG+G5,500,1135309083,1983582582,data/trees/rtree_n30_bl0.500_rep020.nwk,data/sim/rtree_n30_bl0.500_rep020.fa,ok
rtree_n30_bl0.500_rep021,rtree,30,0.5,AA,WAG+G5,500,931464385,1246917101,data/trees/rtree_n30_bl0.500_rep021.nwk,data/sim/rtree_n30_bl0.500_rep021.fa,ok
rtree_n30_bl0.500_rep022,rtree,30,0.5,AA,WAG+G5,500,1941888487,1531683360,data/trees/rtree_n30_bl0.500_rep022.nwk,data/sim/rtree_n30_bl0.500_rep022.fa,ok
rtree_n30_bl0.500_rep023,rtree,30,0.5,AA,WAG+G5,500,2078750877,1201107659,data/trees/rtree_n30_bl0.500_rep023.nwk,data/sim/rtree_n30_bl0.500_rep023.fa,ok
rtree_n30_bl0.500_rep024,rtree,30,0.5,AA,WAG+G5,500,1230806132,650843811,data/trees/rtree_n30_bl0.500_rep024.nwk,data/sim/rtree_n30_bl0.500_rep024.fa,ok
rtree_n30_bl0.500_rep025,rtree,30,0.5,AA,WAG+G5,500,186204599,989573851,data/trees/rtree_n30_bl0.500_rep025.nwk,data/sim/rtree_n30_bl0.500_rep025.fa,ok
rtree_n30_bl0.500_rep026,rtree,30,0.5,AA,WAG+G5,500,970034982,1165606685,data/trees/rtree_n30_bl0.500_rep026.nwk,data/sim/rtree_n30_bl0.500_rep026.fa,ok
rtree_n30_bl0.500_rep027,rtree,30,0.5,AA,WAG+G5,500,175260451,634177003,data/trees/rtree_n30_bl0.500_rep027.nwk,data/sim/rtree_n30_bl0.500_rep027.fa,ok
rtree_n30_bl0.500_rep028,rtree,30,0.5,AA,WAG+G5,500,1687677522,1777163159,data/trees/rtree_n30_bl0.500_rep028.nwk,data/sim/rtree_n30_bl0.500_rep028.fa,ok
rtree_n30_bl0.500_rep029,rtree,30,0.5,AA,WAG+G5,500,860937333,1513457547,data/trees/rtree_n30_bl0.500_rep029.nwk,data/sim/rtree_n30_bl0.500_rep029.fa,ok
rtree_n30_bl0.500_rep030,rtree,30,0.5,AA,WAG+G5,500,1764684590,1451837576,data/trees/rtree_n30_bl0.500_rep030.nwk,data/sim/rtree_n30_bl0.500_rep030.fa,ok
rtree_n30_bl0.500_rep031,rtree,30,0.5,AA,WAG+G5,500,2142017623,1137811265,data/trees/rtree_n30_bl0.500_rep031.nwk,data/sim/rtree_n30_bl0.500_rep031.fa,ok
rtree_n30_bl0.500_rep032,rtree,30,0.5,AA,WAG+G5,500,867266862,879528769,data/trees/rtree_n30_bl0.500_rep032.nwk,data/sim/rtree_n30_bl0.500_rep032.fa,ok
rtree_n30_bl0.500_rep033,rtree,30,0.5,AA,WAG+G5,500,833319548,2125413868,data/trees/rtree_n30_bl0.500_rep033.nwk,data/sim/rtree_n30_bl0.500_rep033.fa,ok
rtree_n30_bl0.500_rep034,rtree,30,0.5,AA,WAG+G5,500,2054571570,981619874,data/trees/rtree_n30_bl0.500_rep034.nwk,data/sim/rtree_n30_bl0.500_rep034.fa,ok
rtree_n30_bl0.500_rep035,rtree,30,0.5,AA,WAG+G5,500,1419931172,290911559,data/trees/rtree_n30_bl0.500_rep035.nwk,data/sim/rtree_n30_bl0.500_rep035.fa,ok
rtree_n30_bl0.500_rep036,rtree,30,0.5,AA,WAG+G5,500,778054459,616138730,data/trees/rtree_n30_bl0.500_rep036.nwk,data/sim/rtree_n30_bl0.500_rep036.fa,ok
rtree_n30_bl0.500_rep037,rtree,30,0.5,AA,WAG+G5,500,565582921,571743047,data/trees/rtree_n30_bl0.500_rep037.nwk,data/sim/rtree_n30_bl0.500_rep037.fa,ok
rtree_n30_bl0.500_rep038,rtree,30,0.5,AA,WAG+G5,500,1413671152,477482459,data/trees/rtree_n30_bl0.500_rep038.nwk,data/sim/rtree_n30_bl0.500_rep038.fa,ok
rtree_n30_bl0.500_rep039,rtree,30,0.5,AA,WAG+G5,500,1859194752,1941199472,data/trees/rtree_n30_bl0.500_rep039.nwk,data/sim/rtree_n30_bl0.500_rep039.fa,ok
rtree_n30_bl0.500_rep040,rtree,30,0.5,AA,WAG+G5,500,1254007476,1769356280,data/trees/rtree_n30_bl0.500_rep040.nwk,data/sim/rtree_n30_bl0.500_rep040.fa,ok
rtree_n30_bl0.500_rep041,rtree,30,0.5,AA,WAG+G5,500,581521091,229885134,data/trees/rtree_n30_bl0.500_rep041.nwk,data/sim/rtree_n30_bl0.500_rep041.fa,ok
rtree_n30_bl0.500_rep042,rtree,30,0.5,AA,WAG+G5,500,972632810,2010886772,data/trees/rtree_n30_bl0.500_rep042.nwk,data/sim/rtree_n30_bl0.500_rep042.fa,ok
rtree_n30_bl0.500_rep043,rtree,30,0.5,AA,WAG+G5,500,783563157,178036172,data/trees/rtree_n30_bl0.500_rep043.nwk,data/sim/rtree_n30_bl0.500_rep043.fa,ok
rtree_n30_bl0.500_rep044,rtree,30,0.5,AA,WAG+G5,500,883050949,86480263,data/trees/rtree_n30_bl0.500_rep044.nwk,data/sim/rtree_n30_bl0.500_rep044.fa,ok
rtree_n30_bl0.500_rep045,rtree,30,0.5,AA,WAG+G5,500,285599635,319365905,data/trees/rtree_n30_bl0.500_rep045.nwk,data/sim/rtree_n30_bl0.500_rep045.fa,ok
rtree_n30_bl0.500_rep046,rtree,30,0.5,AA,WAG+G5,500,1629577876,1695289763,data/trees/rtree_n30_bl0.500_rep046.nwk,data/sim/rtree_n30_bl0.500_rep046.fa,ok
rtree_n30_bl0.500_rep047,rtree,30,0.5,AA,WAG+G5,500,2074608858,845575081,data/trees/rtree_n30_bl0.500_rep047.nwk,data/sim/rtree_n30_bl0.500_rep047.fa,ok
rtree_n30_bl0.500_rep048,rtree,30,0.5,AA,WAG+G5,500,958156271,1158728730,data/trees/rtree_n30_bl0.500_rep048.nwk,data/sim/rtree_n30_bl0.500_rep048.fa,ok
rtree_n30_bl0.500_rep049,rtree,30,0.5,AA,WAG+G5,500,55780088,2058367593,data/trees/rtree_n30_bl0.500_rep049.nwk,data/sim/rtree_n30_bl0.500_rep049.fa,ok
rtree_n30_bl0.500_rep050,rtree,30,0.5,AA,WAG+G5,500,1530187329,2038297201,data/trees/rtree_n30_bl0.500_rep050.nwk,data/sim/rtree_n30_bl0.500_rep050.fa,ok
rtree_n30_bl0.500_rep051,rtree,30,0.5,AA,WAG+G5,500,1699103012,195633131,data/trees/rtree_n30_bl0.500_rep051.nwk,data/sim/rtree_n30_bl0.500_rep051.fa,ok
rtree_n30_bl0.500_rep052,rtree,30,0.5,AA,WAG+G5,500,1281312954,11873246,data/trees/rtree_n30_bl0.500_rep052.nwk,data/sim/rtree_n30_bl0.500_rep052.fa,ok
rtree_n30_bl0.500_rep053,rtree,30,0.5,AA,WAG+G5,500,1366279412,1216546161,data/trees/rtree_n30_bl0.500_rep053.nwk,data/sim/rtree_n30_bl0.500_rep053.fa,ok
rtree_n30_bl0.500_rep054,rtree,30,0.5,AA,WAG+G5,500,489907650,1791806917,data/trees/rtree_n30_bl0.500_rep054.nwk,data/sim/rtree_n30_bl0.500_rep054.fa,ok
rtree_n30_bl0.500_rep055,rtree,30,0.5,AA,WAG+G5,500,1797736252,2121016819,data/trees/rtree_n30_bl0.500_rep055.nwk,data/sim/rtree_n30_bl0.500_rep055.fa,ok
rtree_n30_bl0.500_rep056,rtree,30,0.5,AA,WAG+G5,500,1643480844,713084086,data/trees/rtree_n30_bl0.500_rep056.nwk,data/sim/rtree_n30_bl0.500_rep056.fa,ok
rtree_n30_bl0.500_rep057,rtree,30,0.5,AA,WAG+G5,500,317373611,9074975,data/trees/rtree_n30_bl0.500_rep057.nwk,data/sim/rtree_n30_bl0.500_rep057.fa,ok
rtree_n30_bl0.500_rep058,rtree,30,0.5,AA,WAG+G5,500,366970704,1871399140,data/trees/rtree_n30_bl0.500_rep058.nwk,data/sim/rtree_n30_bl0.500_rep058.fa,ok
rtree_n30_bl0.500_rep059,rtree,30,0.5,AA,WAG+G5,500,283944146,118008158,data/trees/rtree_n30_bl0.500_rep059.nwk,data/sim/rtree_n30_bl0.500_rep059.fa,ok
rtree_n30_bl0.500_rep060,rtree,30,0.5,AA,WAG+G5,500,1353651193,617017225,data/trees/rtree_n30_bl0.500_rep060.nwk,data/sim/rtree_n30_bl0.500_rep060.fa,ok
rtree_n30_bl0.500_rep061,rtree,30,0.5,AA,WAG+G5,500,1098601342,62317818,data/trees/rtree_n30_bl0.500_rep061.nwk,data/sim/rtree_n30_bl0.500_rep061.fa,ok
rtree_n30_bl0.500_rep062,rtree,30,0.5,AA,WAG+G5,500,124645195,1924085748,data/trees/rtree_n30_bl0.500_rep062.nwk,data/sim/rtree_n30_bl0.500_rep062.fa,ok
rtree_n30_bl0.500_rep063,rtree,30,0.5,AA,WAG+G5,500,1562693152,248394083,data/trees/rtree_n30_bl0.500_rep063.nwk,data/sim/rtree_n30_bl0.500_rep063.fa,ok
rtree_n30_bl0.500_rep064,rtree,30,0.5,AA,WAG+G5,500,1707459334,1986977651,data/trees/rtree_n30_bl0.500_rep064.nwk,data/sim/rtree_n30_bl0.500_rep064.fa,ok
rtree_n30_bl0.500_rep065,rtree,30,0.5,AA,WAG+G5,500,6189553,1117153138,data/trees/rtree_n30_bl0.500_rep065.nwk,data/sim/rtree_n30_bl0.500_rep065.fa,ok
rtree_n30_bl0.500_rep066,rtree,30,0.5,AA,WAG+G5,500,1240291075,1194148518,data/trees/rtree_n30_bl0.500_rep066.nwk,data/sim/rtree_n30_bl0.500_rep066.fa,ok
rtree_n30_bl0.500_rep067,rtree,30,0.5,AA,WAG+G5,500,565532434,1693808687,data/trees/rtree_n30_bl0.500_rep067.nwk,data/sim/rtree_n30_bl0.500_rep067.fa,ok
rtree_n30_bl0.500_rep068,rtree,30,0.5,AA,WAG+G5,500,350386231,526350658,data/trees/rtree_n30_bl0.500_rep068.nwk,data/sim/rtree_n30_bl0.500_rep068.fa,ok
rtree_n30_bl0.500_rep069,rtree,30,0.5,AA,WAG+G5,500,548588932,1522513642,data/trees/rtree_n30_bl0.500_rep069.nwk,data/sim/rtree_n30_bl0.500_rep069.fa,ok
rtree_n30_bl0.500_rep070,rtree,30,0.5,AA,WAG+G5,500,485971520,1058985222,data/trees/rtree_n30_bl0.500_rep070.nwk,data/sim/rtree_n30_bl0.500_rep070.fa,ok
rtree_n30_bl0.500_rep071,rtree,30,0.5,AA,WAG+G5,500,1775517372,43723539,data/trees/rtree_n30_bl0.500_rep071.nwk,data/sim/rtree_n30_bl0.500_rep071.fa,ok
rtree_n30_bl0.500_rep072,rtree,30,0.5,AA,WAG+G5,500,560318487,641949947,data/trees/rtree_n30_bl0.500_rep072.nwk,data/sim/rtree_n30_bl0.500_rep072.fa,ok
rtree_n30_bl0.500_rep073,rtree,30,0.5,AA,WAG+G5,500,999092020,1689051608,data/trees/rtree_n30_bl0.500_rep073.nwk,data/sim/rtree_n30_bl0.500_rep073.fa,ok
rtree_n30_bl0.500_rep074,rtree,30,0.5,AA,WAG+G5,500,1903305480,1117920319,data/trees/rtree_n30_bl0.500_rep074.nwk,data/sim/rtree_n30_bl0.500_rep074.fa,ok
rtree_n30_bl0.500_rep075,rtree,30,0.5,AA,WAG+G5,500,687738191,1851613948,data/trees/rtree_n30_bl0.500_rep075.nwk,data/sim/rtree_n30_bl0.500_rep075.fa,ok
rtree_n30_bl0.500_rep076,rtree,30,0.5,AA,WAG+G5,500,783997579,125792699,data/trees/rtree_n30_bl0.500_rep076.nwk,data/sim/rtree_n30_bl0.500_rep076.fa,ok
rtree_n30_bl0.500_rep077,rtree,30,0.5,AA,WAG+G5,500,330993906,645075538,data/trees/rtree_n30_bl0.500_rep077.nwk,data/sim/rtree_n30_bl0.500_rep077.fa,ok
rtree_n30_bl0.500_rep078,rtree,30,0.5,AA,WAG+G5,500,1229833893,1368420734,data/trees/rtree_n30_bl0.500_rep078.nwk,data/sim/rtree_n30_bl0.500_rep078.fa,ok
rtree_n30_bl0.500_rep079,rtree,30,0.5,AA,WAG+G5,500,378351605,1996648092,data/trees/rtree_n30_bl0.500_rep079.nwk,data/sim/rtree_n30_bl0.500_rep079.fa,ok
rtree_n30_bl0.500_rep080,rtree,30,0.5,AA,WAG+G5,500,643003000,1200825285,data/trees/rtree_n30_bl0.500_rep080.nwk,data/sim/rtree_n30_bl0.500_rep080.fa,ok
rtree_n30_bl0.500_rep081,rtree,30,0.5,AA,WAG+G5,500,2118351881,479235518,data/trees/rtree_n30_bl0.500_rep081.nwk,data/sim/rtree_n30_bl0.500_rep081.fa,ok
rtree_n30_bl0.500_rep082,rtree,30,0.5,AA,WAG+G5,500,1061217208,1239724941,data/trees/rtree_n30_bl0.500_rep082.nwk,data/sim/rtree_n30_bl0.500_rep082.fa,ok
rtree_n30_bl0.500_rep083,rtree,30,0.5,AA,WAG+G5,500,1589194631,459526164,data/trees/rtree_n30_bl0.500_rep083.nwk,data/sim/rtree_n30_bl0.500_rep083.fa,ok
rtree_n30_bl0.500_rep084,rtree,30,0.5,AA,WAG+G5,500,77085976,517212778,data/trees/rtree_n30_bl0.500_rep084.nwk,data/sim/rtree_n30_bl0.500_rep084.fa,ok
rtree_n30_bl0.500_rep085,rtree,30,0.5,AA,WAG+G5,500,533937298,578397624,data/trees/rtree_n30_bl0.500_rep085.nwk,data/sim/rtree_n30_bl0.500_rep085.fa,ok
rtree_n30_bl0.500_rep086,rtree,30,0.5,AA,WAG+G5,500,2019657080,391686974,data/trees/rtree_n30_bl0.500_rep086.nwk,data/sim/rtree_n30_bl0.500_rep086.fa,ok
rtree_n30_bl0.500_rep087,rtree,30,0.5,AA,WAG+G5,500,1821223074,503936582,data/trees/rtree_n30_bl0.500_rep087.nwk,data/sim/rtree_n30_bl0.500_rep087.fa,ok
rtree_n30_bl0.500_rep088,rtree,30,0.5,AA,WAG+G5,500,934805849,1394398280,data/trees/rtree_n30_bl0.500_rep088.nwk,data/sim/rtree_n30_bl0.500_rep088.fa,ok
rtree_n30_bl0.500_rep089,rtree,30,0.5,AA,WAG+G5,500,1369780371,1240966923,data/trees/rtree_n30_bl0.500_rep089.nwk,data/sim/rtree_n30_bl0.500_rep089.fa,ok
rtree_n30_bl0.500_rep090,rtree,30,0.5,AA,WAG+G5,500,1237900214,1819627062,data/trees/rtree_n30_bl0.500_rep090.nwk,data/sim/rtree_n30_bl0.500_rep090.fa,ok
rtree_n30_bl0.500_rep091,rtree,30,0.5,AA,WAG+G5,500,534462900,677343467,data/trees/rtree_n30_bl0.500_rep091.nwk,data/sim/rtree_n30_bl0.500_rep091.fa,ok
rtree_n30_bl0.500_rep092,rtree,30,0.5,AA,WAG+G5,500,148290546,556307429,data/trees/rtree_n30_bl0.500_rep092.nwk,data/sim/rtree_n30_bl0.500_rep092.fa,ok
rtree_n30_bl0.500_rep093,rtree,30,0.5,AA,WAG+G5,500,444292420,2050585412,data/trees/rtree_n30_bl0.500_rep093.nwk,data/sim/rtree_n30_bl0.500_rep093.fa,ok
rtree_n30_bl0.500_rep094,rtree,30,0.5,AA,WAG+G5,500,170030525,2068124714,data/trees/rtree_n30_bl0.500_rep094.nwk,data/sim/rtree_n30_bl0.500_rep094.fa,ok
rtree_n30_bl0.500_rep095,rtree,30,0.5,AA,WAG+G5,500,440147199,1463416712,data/trees/rtree_n30_bl0.500_rep095.nwk,data/sim/rtree_n30_bl0.500_rep095.fa,ok
rtree_n30_bl0.500_rep096,rtree,30,0.5,AA,WAG+G5,500,365969120,52171011,data/trees/rtree_n30_bl0.500_rep096.nwk,data/sim/rtree_n30_bl0.500_rep096.fa,ok
rtree_n30_bl0.500_rep097,rtree,30,0.5,AA,WAG+G5,500,1626432898,1772868464,data/trees/rtree_n30_bl0.500_rep097.nwk,data/sim/rtree_n30_bl0.500_rep097.fa,ok
rtree_n30_bl0.500_rep098,rtree,30,0.5,AA,WAG+G5,500,560228599,1362805674,data/trees/rtree_n30_bl0.500_rep098.nwk,data/sim/rtree_n30_bl0.500_rep098.fa,ok
rtree_n30_bl0.500_rep099,rtree,30,0.5,AA,WAG+G5,500,1785926390,2107891113,data/trees/rtree_n30_bl0.500_rep099.nwk,data/sim/rtree_n30_bl0.500_rep099.fa,ok
rtree_n30_bl0.500_rep100,rtree,30,0.5,AA,WAG+G5,500,947614113,998244278,data/trees/rtree_n30_bl0.500_rep100.nwk,data/sim/rtree_n30_bl0.500_rep100.fa,ok
rtree_n30_bl0.625_rep001,rtree,30,0.625,AA,WAG+G5,500,1343456677,1041799147,data/trees/rtree_n30_bl0.625_rep001.nwk,data/sim/rtree_n30_bl0.625_rep001.fa,ok
rtree_n30_bl0.625_rep002,rtree,30,0.625,AA,WAG+G5,500,2020365046,1550799851,data/trees/rtree_n30_bl0.625_rep002.nwk,data/sim/rtree_n30_bl0.625_rep002.fa,ok
rtree_n30_bl0.625_rep003,rtree,30,0.625,AA,WAG+G5,500,1436438300,198489301,data/trees/rtree_n30_bl0.625_rep003.nwk,data/sim/rtree_n30_bl0.625_rep003.fa,ok
rtree_n30_bl0.625_rep004,rtree,30,0.625,AA,WAG+G5,500,1944545059,390119614,data/trees/rtree_n30_bl0.625_rep004.nwk,data/sim/rtree_n30_bl0.625_rep004.fa,ok
rtree_n30_bl0.625_rep005,rtree,30,0.625,AA,WAG+G5,500,1905609840,860636939,data/trees/rtree_n30_bl0.625_rep005.nwk,data/sim/rtree_n30_bl0.625_rep005.fa,ok
rtree_n30_bl0.625_rep006,rtree,30,0.625,AA,WAG+G5,500,1017468581,1732453584,data/trees/rtree_n30_bl0.625_rep006.nwk,data/sim/rtree_n30_bl0.625_rep006.fa,ok
rtree_n30_bl0.625_rep007,rtree,30,0.625,AA,WAG+G5,500,1284261006,252737802,data/trees/rtree_n30_bl0.625_rep007.nwk,data/sim/rtree_n30_bl0.625_rep007.fa,ok
rtree_n30_bl0.625_rep008,rtree,30,0.625,AA,WAG+G5,500,278764691,917037913,data/trees/rtree_n30_bl0.625_rep008.nwk,data/sim/rtree_n30_bl0.625_rep008.fa,ok
rtree_n30_bl0.625_rep009,rtree,30,0.625,AA,WAG+G5,500,1222137112,37054784,data/trees/rtree_n30_bl0.625_rep009.nwk,data/sim/rtree_n30_bl0.625_rep009.fa,ok
rtree_n30_bl0.625_rep010,rtree,30,0.625,AA,WAG+G5,500,1629017870,1857592862,data/trees/rtree_n30_bl0.625_rep010.nwk,data/sim/rtree_n30_bl0.625_rep010.fa,ok
rtree_n30_bl0.625_rep011,rtree,30,0.625,AA,WAG+G5,500,1494072311,106609555,data/trees/rtree_n30_bl0.625_rep011.nwk,data/sim/rtree_n30_bl0.625_rep011.fa,ok
rtree_n30_bl0.625_rep012,rtree,30,0.625,AA,WAG+G5,500,2123390840,1024627450,data/trees/rtree_n30_bl0.625_rep012.nwk,data/sim/rtree_n30_bl0.625_rep012.fa,ok
rtree_n30_bl0.625_rep013,rtree,30,0.625,AA,WAG+G5,500,2099265971,1947191382,data/trees/rtree_n30_bl0.625_rep013.nwk,data/sim/rtree_n30_bl0.625_rep013.fa,ok
rtree_n30_bl0.625_rep014,rtree,30,0.625,AA,WAG+G5,500,37508740,2085310371,data/trees/rtree_n30_bl0.625_rep014.nwk,data/sim/rtree_n30_bl0.625_rep014.fa,ok
rtree_n30_bl0.625_rep015,rtree,30,0.625,AA,WAG+G5,500,2000011581,1846975877,data/trees/rtree_n30_bl0.625_rep015.nwk,data/sim/rtree_n30_bl0.625_rep015.fa,ok
rtree_n30_bl0.625_rep016,rtree,30,0.625,AA,WAG+G5,500,23585164,624128998,data/trees/rtree_n30_bl0.625_rep016.nwk,data/sim/rtree_n30_bl0.625_rep016.fa,ok
rtree_n30_bl0.625_rep017,rtree,30,0.625,AA,WAG+G5,500,1285242112,123499888,data/trees/rtree_n30_bl0.625_rep017.nwk,data/sim/rtree_n30_bl0.625_rep017.fa,ok
rtree_n30_bl0.625_rep018,rtree,30,0.625,AA,WAG+G5,500,362298499,1991642429,data/trees/rtree_n30_bl0.625_rep018.nwk,data/sim/rtree_n30_bl0.625_rep018.fa,ok
rtree_n30_bl0.625_rep019,rtree,30,0.625,AA,WAG+G5,500,320894887,1398123811,data/trees/rtree_n30_bl0.625_rep019.nwk,data/sim/rtree_n30_bl0.625_rep019.fa,ok
rtree_n30_bl0.625_rep020,rtree,30,0.625,AA,WAG+G5,500,259829807,1689850566,data/trees/rtree_n30_bl0.625_rep020.nwk,data/sim/rtree_n30_bl0.625_rep020.fa,ok
rtree_n30_bl0.625_rep021,rtree,30,0.625,AA,WAG+G5,500,2028133602,1661744370,data/trees/rtree_n30_bl0.625_rep021.nwk,data/sim/rtree_n30_bl0.625_rep021.fa,ok
rtree_n30_bl0.625_rep022,rtree,30,0.625,AA,WAG+G5,500,755807591,8194678,data/trees/rtree_n30_bl0.625_rep022.nwk,data/sim/rtree_n30_bl0.625_rep022.fa,ok
rtree_n30_bl0.625_rep023,rtree,30,0.625,AA,WAG+G5,500,749392274,668023880,data/trees/rtree_n30_bl0.625_rep023.nwk,data/sim/rtree_n30_bl0.625_rep023.fa,ok
rtree_n30_bl0.625_rep024,rtree,30,0.625,AA,WAG+G5,500,1042225082,422076608,data/trees/rtree_n30_bl0.625_rep024.nwk,data/sim/rtree_n30_bl0.625_rep024.fa,ok
rtree_n30_bl0.625_rep025,rtree,30,0.625,AA,WAG+G5,500,2113308091,1767267800,data/trees/rtree_n30_bl0.625_rep025.nwk,data/sim/rtree_n30_bl0.625_rep025.fa,ok
rtree_n30_bl0.625_rep026,rtree,30,0.625,AA,WAG+G5,500,871660167,1742261544,data/trees/rtree_n30_bl0.625_rep026.nwk,data/sim/rtree_n30_bl0.625_rep026.fa,ok
rtree_n30_bl0.625_rep027,rtree,30,0.625,AA,WAG+G5,500,1103755703,754752243,data/trees/rtree_n30_bl0.625_rep027.nwk,data/sim/rtree_n30_bl0.625_rep027.fa,ok
rtree_n30_bl0.625_rep028,rtree,30,0.625,AA,WAG+G5,500,392079881,315381247,data/trees/rtree_n30_bl0.625_rep028.nwk,data/sim/rtree_n30_bl0.625_rep028.fa,ok
rtree_n30_bl0.625_rep029,rtree,30,0.625,AA,WAG+G5,500,1062187610,811150675,data/trees/rtree_n30_bl0.625_rep029.nwk,data/sim/rtree_n30_bl0.625_rep029.fa,ok
rtree_n30_bl0.625_rep030,rtree,30,0.625,AA,WAG+G5,500,2137227132,990504065,data/trees/rtree_n30_bl0.625_rep030.nwk,data/sim/rtree_n30_bl0.625_rep030.fa,ok
rtree_n30_bl0.625_rep031,rtree,30,0.625,AA,WAG+G5,500,1499842395,1693389116,data/trees/rtree_n30_bl0.625_rep031.nwk,data/sim/rtree_n30_bl0.625_rep031.fa,ok
rtree_n30_bl0.625_rep032,rtree,30,0.625,AA,WAG+G5,500,961471214,1632247552,data/trees/rtree_n30_bl0.625_rep032.nwk,data/sim/rtree_n30_bl0.625_rep032.fa,ok
rtree_n30_bl0.625_rep033,rtree,30,0.625,AA,WAG+G5,500,1277926282,437019563,data/trees/rtree_n30_bl0.625_rep033.nwk,data/sim/rtree_n30_bl0.625_rep033.fa,ok
rtree_n30_bl0.625_rep034,rtree,30,0.625,AA,WAG+G5,500,1822498230,932581684,data/trees/rtree_n30_bl0.625_rep034.nwk,data/sim/rtree_n30_bl0.625_rep034.fa,ok
rtree_n30_bl0.625_rep035,rtree,30,0.625,AA,WAG+G5,500,71054657,941671475,data/trees/rtree_n30_bl0.625_rep035.nwk,data/sim/rtree_n30_bl0.625_rep035.fa,ok
rtree_n30_bl0.625_rep036,rtree,30,0.625,AA,WAG+G5,500,441000969,1407904323,data/trees/rtree_n30_bl0.625_rep036.nwk,data/sim/rtree_n30_bl0.625_rep036.fa,ok
rtree_n30_bl0.625_rep037,rtree,30,0.625,AA,WAG+G5,500,715647232,1989379955,data/trees/rtree_n30_bl0.625_rep037.nwk,data/sim/rtree_n30_bl0.625_rep037.fa,ok
rtree_n30_bl0.625_rep038,rtree,30,0.625,AA,WAG+G5,500,1069487132,881037860,data/trees/rtree_n30_bl0.625_rep038.nwk,data/sim/rtree_n30_bl0.625_rep038.fa,ok
rtree_n30_bl0.625_rep039,rtree,30,0.625,AA,WAG+G5,500,1655486160,393016702,data/trees/rtree_n30_bl0.625_rep039.nwk,data/sim/rtree_n30_bl0.625_rep039.fa,ok
rtree_n30_bl0.625_rep040,rtree,30,0.625,AA,WAG+G5,500,767391510,1645203582,data/trees/rtree_n30_bl0.625_rep040.nwk,data/sim/rtree_n30_bl0.625_rep040.fa,ok
rtree_n30_bl0.625_rep041,rtree,30,0.625,AA,WAG+G5,500,1059238597,1557273226,data/trees/rtree_n30_bl0.625_rep041.nwk,data/sim/rtree_n30_bl0.625_rep041.fa,ok
rtree_n30_bl0.625_rep042,rtree,30,0.625,AA,WAG+G5,500,1924862800,849174107,data/trees/rtree_n30_bl0.625_rep042.nwk,data/sim/rtree_n30_bl0.625_rep042.fa,ok
rtree_n30_bl0.625_rep043,rtree,30,0.625,AA,WAG+G5,500,2065187868,889840574,data/trees/rtree_n30_bl0.625_rep043.nwk,data/sim/rtree_n30_bl0.625_rep043.fa,ok
rtree_n30_bl0.625_rep044,rtree,30,0.625,AA,WAG+G5,500,1534120234,1743864316,data/trees/rtree_n30_bl0.625_rep044.nwk,data/sim/rtree_n30_bl0.625_rep044.fa,ok
rtree_n30_bl0.625_rep045,rtree,30,0.625,AA,WAG+G5,500,1426206192,773628971,data/trees/rtree_n30_bl0.625_rep045.nwk,data/sim/rtree_n30_bl0.625_rep045.fa,ok
rtree_n30_bl0.625_rep046,rtree,30,0.625,AA,WAG+G5,500,307486331,39225719,data/trees/rtree_n30_bl0.625_rep046.nwk,data/sim/rtree_n30_bl0.625_rep046.fa,ok
rtree_n30_bl0.625_rep047,rtree,30,0.625,AA,WAG+G5,500,991134691,1803654960,data/trees/rtree_n30_bl0.625_rep047.nwk,data/sim/rtree_n30_bl0.625_rep047.fa,ok
rtree_n30_bl0.625_rep048,rtree,30,0.625,AA,WAG+G5,500,305042584,992326358,data/trees/rtree_n30_bl0.625_rep048.nwk,data/sim/rtree_n30_bl0.625_rep048.fa,ok
rtree_n30_bl0.625_rep049,rtree,30,0.625,AA,WAG+G5,500,239803685,1259966965,data/trees/rtree_n30_bl0.625_rep049.nwk,data/sim/rtree_n30_bl0.625_rep049.fa,ok
rtree_n30_bl0.625_rep050,rtree,30,0.625,AA,WAG+G5,500,175602308,1035803181,data/trees/rtree_n30_bl0.625_rep050.nwk,data/sim/rtree_n30_bl0.625_rep050.fa,ok
rtree_n30_bl0.625_rep051,rtree,30,0.625,AA,WAG+G5,500,174081813,710741257,data/trees/rtree_n30_bl0.625_rep051.nwk,data/sim/rtree_n30_bl0.625_rep051.fa,ok
rtree_n30_bl0.625_rep052,rtree,30,0.625,AA,WAG+G5,500,712120893,106172078,data/trees/rtree_n30_bl0.625_rep052.nwk,data/sim/rtree_n30_bl0.625_rep052.fa,ok
rtree_n30_bl0.625_rep053,rtree,30,0.625,AA,WAG+G5,500,434206819,864760310,data/trees/rtree_n30_bl0.625_rep053.nwk,data/sim/rtree_n30_bl0.625_rep053.fa,ok
rtree_n30_bl0.625_rep054,rtree,30,0.625,AA,WAG+G5,500,1279224171,1874717918,data/trees/rtree_n30_bl0.625_rep054.nwk,data/sim/rtree_n30_bl0.625_rep054.fa,ok
rtree_n30_bl0.625_rep055,rtree,30,0.625,AA,WAG+G5,500,449302879,1072126414,data/trees/rtree_n30_bl0.625_rep055.nwk,data/sim/rtree_n30_bl0.625_rep055.fa,ok
rtree_n30_bl0.625_rep056,rtree,30,0.625,AA,WAG+G5,500,633688045,1543527868,data/trees/rtree_n30_bl0.625_rep056.nwk,data/sim/rtree_n30_bl0.625_rep056.fa,ok
rtree_n30_bl0.625_rep057,rtree,30,0.625,AA,WAG+G5,500,1443712633,1711246772,data/trees/rtree_n30_bl0.625_rep057.nwk,data/sim/rtree_n30_bl0.625_rep057.fa,ok
rtree_n30_bl0.625_rep058,rtree,30,0.625,AA,WAG+G5,500,676723316,795454296,data/trees/rtree_n30_bl0.625_rep058.nwk,data/sim/rtree_n30_bl0.625_rep058.fa,ok
rtree_n30_bl0.625_rep059,rtree,30,0.625,AA,WAG+G5,500,390282838,1899918124,data/trees/rtree_n30_bl0.625_rep059.nwk,data/sim/rtree_n30_bl0.625_rep059.fa,ok
rtree_n30_bl0.625_rep060,rtree,30,0.625,AA,WAG+G5,500,1562459307,955355605,data/trees/rtree_n30_bl0.625_rep060.nwk,data/sim/rtree_n30_bl0.625_rep060.fa,ok
rtree_n30_bl0.625_rep061,rtree,30,0.625,AA,WAG+G5,500,677381712,885657616,data/trees/rtree_n30_bl0.625_rep061.nwk,data/sim/rtree_n30_bl0.625_rep061.fa,ok
rtree_n30_bl0.625_rep062,rtree,30,0.625,AA,WAG+G5,500,746259956,1559730749,data/trees/rtree_n30_bl0.625_rep062.nwk,data/sim/rtree_n30_bl0.625_rep062.fa,ok
rtree_n30_bl0.625_rep063,rtree,30,0.625,AA,WAG+G5,500,1937747253,613828587,data/trees/rtree_n30_bl0.625_rep063.nwk,data/sim/rtree_n30_bl0.625_rep063.fa,ok
rtree_n30_bl0.625_rep064,rtree,30,0.625,AA,WAG+G5,500,1036178530,255018193,data/trees/rtree_n30_bl0.625_rep064.nwk,data/sim/rtree_n30_bl0.625_rep064.fa,ok
rtree_n30_bl0.625_rep065,rtree,30,0.625,AA,WAG+G5,500,2021401022,1871461150,data/trees/rtree_n30_bl0.625_rep065.nwk,data/sim/rtree_n30_bl0.625_rep065.fa,ok
rtree_n30_bl0.625_rep066,rtree,30,0.625,AA,WAG+G5,500,42873964,2062530306,data/trees/rtree_n30_bl0.625_rep066.nwk,data/sim/rtree_n30_bl0.625_rep066.fa,ok
rtree_n30_bl0.625_rep067,rtree,30,0.625,AA,WAG+G5,500,850407437,1607150098,data/trees/rtree_n30_bl0.625_rep067.nwk,data/sim/rtree_n30_bl0.625_rep067.fa,ok
rtree_n30_bl0.625_rep068,rtree,30,0.625,AA,WAG+G5,500,326988846,480640864,data/trees/rtree_n30_bl0.625_rep068.nwk,data/sim/rtree_n30_bl0.625_rep068.fa,ok
rtree_n30_bl0.625_rep069,rtree,30,0.625,AA,WAG+G5,500,726636955,1790960166,data/trees/rtree_n30_bl0.625_rep069.nwk,data/sim/rtree_n30_bl0.625_rep069.fa,ok
rtree_n30_bl0.625_rep070,rtree,30,0.625,AA,WAG+G5,500,728569012,2055716809,data/trees/rtree_n30_bl0.625_rep070.nwk,data/sim/rtree_n30_bl0.625_rep070.fa,ok
rtree_n30_bl0.625_rep071,rtree,30,0.625,AA,WAG+G5,500,1701900201,1108902660,data/trees/rtree_n30_bl0.625_rep071.nwk,data/sim/rtree_n30_bl0.625_rep071.fa,ok
rtree_n30_bl0.625_rep072,rtree,30,0.625,AA,WAG+G5,500,1279318230,704396474,data/trees/rtree_n30_bl0.625_rep072.nwk,data/sim/rtree_n30_bl0.625_rep072.fa,ok
rtree_n30_bl0.625_rep073,rtree,30,0.625,AA,WAG+G5,500,796892942,1613533192,data/trees/rtree_n30_bl0.625_rep073.nwk,data/sim/rtree_n30_bl0.625_rep073.fa,ok
rtree_n30_bl0.625_rep074,rtree,30,0.625,AA,WAG+G5,500,650680707,234044829,data/trees/rtree_n30_bl0.625_rep074.nwk,data/sim/rtree_n30_bl0.625_rep074.fa,ok
rtree_n30_bl0.625_rep075,rtree,30,0.625,AA,WAG+G5,500,1615690298,306360965,data/trees/rtree_n30_bl0.625_rep075.nwk,data/sim/rtree_n30_bl0.625_rep075.fa,ok
rtree_n30_bl0.625_rep076,rtree,30,0.625,AA,WAG+G5,500,164876586,47149492,data/trees/rtree_n30_bl0.625_rep076.nwk,data/sim/rtree_n30_bl0.625_rep076.fa,ok
rtree_n30_bl0.625_rep077,rtree,30,0.625,AA,WAG+G5,500,1868369710,1208314966,data/trees/rtree_n30_bl0.625_rep077.nwk,data/sim/rtree_n30_bl0.625_rep077.fa,ok
rtree_n30_bl0.625_rep078,rtree,30,0.625,AA,WAG+G5,500,392368934,1423521347,data/trees/rtree_n30_bl0.625_rep078.nwk,data/sim/rtree_n30_bl0.625_rep078.fa,ok
rtree_n30_bl0.625_rep079,rtree,30,0.625,AA,WAG+G5,500,440262772,12286821,data/trees/rtree_n30_bl0.625_rep079.nwk,data/sim/rtree_n30_bl0.625_rep079.fa,ok
rtree_n30_bl0.625_rep080,rtree,30,0.625,AA,WAG+G5,500,309925004,1730763497,data/trees/rtree_n30_bl0.625_rep080.nwk,data/sim/rtree_n30_bl0.625_rep080.fa,ok
rtree_n30_bl0.625_rep081,rtree,30,0.625,AA,WAG+G5,500,169537751,340074249,data/trees/rtree_n30_bl0.625_rep081.nwk,data/sim/rtree_n30_bl0.625_rep081.fa,ok
rtree_n30_bl0.625_rep082,rtree,30,0.625,AA,WAG+G5,500,1528051347,1309820355,data/trees/rtree_n30_bl0.625_rep082.nwk,data/sim/rtree_n30_bl0.625_rep082.fa,ok
rtree_n30_bl0.625_rep083,rtree,30,0.625,AA,WAG+G5,500,1279499021,145031232,data/trees/rtree_n30_bl0.625_rep083.nwk,data/sim/rtree_n30_bl0.625_rep083.fa,ok
rtree_n30_bl0.625_rep084,rtree,30,0.625,AA,WAG+G5,500,1887820317,1628139567,data/trees/rtree_n30_bl0.625_rep084.nwk,data/sim/rtree_n30_bl0.625_rep084.fa,ok
rtree_n30_bl0.625_rep085,rtree,30,0.625,AA,WAG+G5,500,134309131,818618780,data/trees/rtree_n30_bl0.625_rep085.nwk,data/sim/rtree_n30_bl0.625_rep085.fa,ok
rtree_n30_bl0.625_rep086,rtree,30,0.625,AA,WAG+G5,500,1183334563,1494793881,data/trees/rtree_n30_bl0.625_rep086.nwk,data/sim/rtree_n30_bl0.625_rep086.fa,ok
rtree_n30_bl0.625_rep087,rtree,30,0.625,AA,WAG+G5,500,2044812769,1214453933,data/trees/rtree_n30_bl0.625_rep087.nwk,data/sim/rtree_n30_bl0.625_rep087.fa,ok
rtree_n30_bl0.625_rep088,rtree,30,0.625,AA,WAG+G5,500,1347238077,1502085488,data/trees/rtree_n30_bl0.625_rep088.nwk,data/sim/rtree_n30_bl0.625_rep088.fa,ok
rtree_n30_bl0.625_rep089,rtree,30,0.625,AA,WAG+G5,500,749737584,873108457,data/trees/rtree_n30_bl0.625_rep089.nwk,data/sim/rtree_n30_bl0.625_rep089.fa,ok
rtree_n30_bl0.625_rep090,rtree,30,0.625,AA,WAG+G5,500,2002028349,553244341,data/trees/rtree_n30_bl0.625_rep090.nwk,data/sim/rtree_n30_bl0.625_rep090.fa,ok
rtree_n30_bl0.625_rep091,rtree,30,0.625,AA,WAG+G5,500,181502906,972332876,data/trees/rtree_n30_bl0.625_rep091.nwk,data/sim/rtree_n30_bl0.625_rep091.fa,ok
rtree_n30_bl0.625_rep092,rtree,30,0.625,AA,WAG+G5,500,1503664745,1275592017,data/trees/rtree_n30_bl0.625_rep092.nwk,data/sim/rtree_n30_bl0.625_rep092.fa,ok
rtree_n30_bl0.625_rep093,rtree,30,0.625,AA,WAG+G5,500,1651552078,1475116998,data/trees/rtree_n30_bl0.625_rep093.nwk,data/sim/rtree_n30_bl0.625_rep093.fa,ok
rtree_n30_bl0.625_rep094,rtree,30,0.625,AA,WAG+G5,500,1732999300,496117234,data/trees/rtree_n30_bl0.625_rep094.nwk,data/sim/rtree_n30_bl0.625_rep094.fa,ok
rtree_n30_bl0.625_rep095,rtree,30,0.625,AA,WAG+G5,500,1879078966,1518177662,data/trees/rtree_n30_bl0.625_rep095.nwk,data/sim/rtree_n30_bl0.625_rep095.fa,ok
rtree_n30_bl0.625_rep096,rtree,30,0.625,AA,WAG+G5,500,195374335,218607249,data/trees/rtree_n30_bl0.625_rep096.nwk,data/sim/rtree_n30_bl0.625_rep096.fa,ok
rtree_n30_bl0.625_rep097,rtree,30,0.625,AA,WAG+G5,500,1343939695,1802213402,data/trees/rtree_n30_bl0.625_rep097.nwk,data/sim/rtree_n30_bl0.625_rep097.fa,ok
rtree_n30_bl0.625_rep098,rtree,30,0.625,AA,WAG+G5,500,95057918,2086749650,data/trees/rtree_n30_bl0.625_rep098.nwk,data/sim/rtree_n30_bl0.625_rep098.fa,ok
rtree_n30_bl0.625_rep099,rtree,30,0.625,AA,WAG+G5,500,1097279774,1944507399,data/trees/rtree_n30_bl0.625_rep099.nwk,data/sim/rtree_n30_bl0.625_rep099.fa,ok
rtree_n30_bl0.625_rep100,rtree,30,0.625,AA,WAG+G5,500,984148991,1999312284,data/trees/rtree_n30_bl0.625_rep100.nwk,data/sim/rtree_n30_bl0.625_rep100.fa,ok
rtree_n30_bl0.750_rep001,rtree,30,0.75,AA,WAG+G5,500,894076889,1501015676,data/trees/rtree_n30_bl0.750_rep001.nwk,data/sim/rtree_n30_bl0.750_rep001.fa,ok
rtree_n30_bl0.750_rep002,rtree,30,0.75,AA,WAG+G5,500,1067032367,1949096093,data/trees/rtree_n30_bl0.750_rep002.nwk,data/sim/rtree_n30_bl0.750_rep002.fa,ok
rtree_n30_bl0.750_rep003,rtree,30,0.75,AA,WAG+G5,500,1683607230,467406460,data/trees/rtree_n30_bl0.750_rep003.nwk,data/sim/rtree_n30_bl0.750_rep003.fa,ok
rtree_n30_bl0.750_rep004,rtree,30,0.75,AA,WAG+G5,500,2093881664,952169405,data/trees/rtree_n30_bl0.750_rep004.nwk,data/sim/rtree_n30_bl0.750_rep004.fa,ok
rtree_n30_bl0.750_rep005,rtree,30,0.75,AA,WAG+G5,500,573440220,1341944797,data/trees/rtree_n30_bl0.750_rep005.nwk,data/sim/rtree_n30_bl0.750_rep005.fa,ok
rtree_n30_bl0.750_rep006,rtree,30,0.75,AA,WAG+G5,500,1793895999,425516966,data/trees/rtree_n30_bl0.750_rep006.nwk,data/sim/rtree_n30_bl0.750_rep006.fa,ok
rtree_n30_bl0.750_rep007,rtree,30,0.75,AA,WAG+G5,500,351711862,1825993300,data/trees/rtree_n30_bl0.750_rep007.nwk,data/sim/rtree_n30_bl0.750_rep007.fa,ok
rtree_n30_bl0.750_rep008,rtree,30,0.75,AA,WAG+G5,500,106291546,1602687382,data/trees/rtree_n30_bl0.750_rep008.nwk,data/sim/rtree_n30_bl0.750_rep008.fa,ok
rtree_n30_bl0.750_rep009,rtree,30,0.75,AA,WAG+G5,500,975537428,1734622462,data/trees/rtree_n30_bl0.750_rep009.nwk,data/sim/rtree_n30_bl0.750_rep009.fa,ok
rtree_n30_bl0.750_rep010,rtree,30,0.75,AA,WAG+G5,500,177945756,930576826,data/trees/rtree_n30_bl0.750_rep010.nwk,data/sim/rtree_n30_bl0.750_rep010.fa,ok
rtree_n30_bl0.750_rep011,rtree,30,0.75,AA,WAG+G5,500,495630244,1881942409,data/trees/rtree_n30_bl0.750_rep011.nwk,data/sim/rtree_n30_bl0.750_rep011.fa,ok
rtree_n30_bl0.750_rep012,rtree,30,0.75,AA,WAG+G5,500,2103445848,1178036357,data/trees/rtree_n30_bl0.750_rep012.nwk,data/sim/rtree_n30_bl0.750_rep012.fa,ok
rtree_n30_bl0.750_rep013,rtree,30,0.75,AA,WAG+G5,500,1805214610,1254895529,data/trees/rtree_n30_bl0.750_rep013.nwk,data/sim/rtree_n30_bl0.750_rep013.fa,ok
rtree_n30_bl0.750_rep014,rtree,30,0.75,AA,WAG+G5,500,1200371937,419720157,data/trees/rtree_n30_bl0.750_rep014.nwk,data/sim/rtree_n30_bl0.750_rep014.fa,ok
rtree_n30_bl0.750_rep015,rtree,30,0.75,AA,WAG+G5,500,395697355,259170317,data/trees/rtree_n30_bl0.750_rep015.nwk,data/sim/rtree_n30_bl0.750_rep015.fa,ok
rtree_n30_bl0.750_rep016,rtree,30,0.75,AA,WAG+G5,500,2053803445,2047522477,data/trees/rtree_n30_bl0.750_rep016.nwk,data/sim/rtree_n30_bl0.750_rep016.fa,ok
rtree_n30_bl0.750_rep017,rtree,30,0.75,AA,WAG+G5,500,773451947,484608934,data/trees/rtree_n30_bl0.750_rep017.nwk,data/sim/rtree_n30_bl0.750_rep017.fa,ok
rtree_n30_bl0.750_rep018,rtree,30,0.75,AA,WAG+G5,500,699780709,1833057761,data/trees/rtree_n30_bl0.750_rep018.nwk,data/sim/rtree_n30_bl0.750_rep018.fa,ok
rtree_n30_bl0.750_rep019,rtree,30,0.75,AA,WAG+G5,500,362710668,1575138639,data/trees/rtree_n30_bl0.750_rep019.nwk,data/sim/rtree_n30_bl0.750_rep019.fa,ok
rtree_n30_bl0.750_rep020,rtree,30,0.75,AA,WAG+G5,500,1368706828,1121648579,data/trees/rtree_n30_bl0.750_rep020.nwk,data/sim/rtree_n30_bl0.750_rep020.fa,ok
rtree_n30_bl0.750_rep021,rtree,30,0.75,AA,WAG+G5,500,688339517,2027372567,data/trees/rtree_n30_bl0.750_rep021.nwk,data/sim/rtree_n30_bl0.750_rep021.fa,ok
rtree_n30_bl0.750_rep022,rtree,30,0.75,AA,WAG+G5,500,844122508,55625779,data/trees/rtree_n30_bl0.750_rep022.nwk,data/sim/rtree_n30_bl0.750_rep022.fa,ok
rtree_n30_bl0.750_rep023,rtree,30,0.75,AA,WAG+G5,500,1076202574,200568606,data/trees/rtree_n30_bl0.750_rep023.nwk,data/sim/rtree_n30_bl0.750_rep023.fa,ok
rtree_n30_bl0.750_rep024,rtree,30,0.75,AA,WAG+G5,500,462014865,1232459427,data/trees/rtree_n30_bl0.750_rep024.nwk,data/sim/rtree_n30_bl0.750_rep024.fa,ok
rtree_n30_bl0.750_rep025,rtree,30,0.75,AA,WAG+G5,500,630770310,1668715723,data/trees/rtree_n30_bl0.750_rep025.nwk,data/sim/rtree_n30_bl0.750_rep025.fa,ok
rtree_n30_bl0.750_rep026,rtree,30,0.75,AA,WAG+G5,500,1202297243,1041083837,data/trees/rtree_n30_bl0.750_rep026.nwk,data/sim/rtree_n30_bl0.750_rep026.fa,ok
rtree_n30_bl0.750_rep027,rtree,30,0.75,AA,WAG+G5,500,1050165958,515047324,data/trees/rtree_n30_bl0.750_rep027.nwk,data/sim/rtree_n30_bl0.750_rep027.fa,ok
rtree_n30_bl0.750_rep028,rtree,30,0.75,AA,WAG+G5,500,1618538174,1387021160,data/trees/rtree_n30_bl0.750_rep028.nwk,data/sim/rtree_n30_bl0.750_rep028.fa,ok
rtree_n30_bl0.750_rep029,rtree,30,0.75,AA,WAG+G5,500,2011935508,176455173,data/trees/rtree_n30_bl0.750_rep029.nwk,data/sim/rtree_n30_bl0.750_rep029.fa,ok
rtree_n30_bl0.750_rep030,rtree,30,0.75,AA,WAG+G5,500,1265310139,460738764,data/trees/rtree_n30_bl0.750_rep030.nwk,data/sim/rtree_n30_bl0.750_rep030.fa,ok
rtree_n30_bl0.750_rep031,rtree,30,0.75,AA,WAG+G5,500,840497223,1137087925,data/trees/rtree_n30_bl0.750_rep031.nwk,data/sim/rtree_n30_bl0.750_rep031.fa,ok
rtree_n30_bl0.750_rep032,rtree,30,0.75,AA,WAG+G5,500,62073466,1787560889,data/trees/rtree_n30_bl0.750_rep032.nwk,data/sim/rtree_n30_bl0.750_rep032.fa,ok
rtree_n30_bl0.750_rep033,rtree,30,0.75,AA,WAG+G5,500,524966039,558193006,data/trees/rtree_n30_bl0.750_rep033.nwk,data/sim/rtree_n30_bl0.750_rep033.fa,ok
rtree_n30_bl0.750_rep034,rtree,30,0.75,AA,WAG+G5,500,1658375753,25522702,data/trees/rtree_n30_bl0.750_rep034.nwk,data/sim/rtree_n30_bl0.750_rep034.fa,ok
rtree_n30_bl0.750_rep035,rtree,30,0.75,AA,WAG+G5,500,237589977,1277683389,data/trees/rtree_n30_bl0.750_rep035.nwk,data/sim/rtree_n30_bl0.750_rep035.fa,ok
rtree_n30_bl0.750_rep036,rtree,30,0.75,AA,WAG+G5,500,1467922836,1034291861,data/trees/rtree_n30_bl0.750_rep036.nwk,data/sim/rtree_n30_bl0.750_rep036.fa,ok
rtree_n30_bl0.750_rep037,rtree,30,0.75,AA,WAG+G5,500,1025379497,1247487785,data/trees/rtree_n30_bl0.750_rep037.nwk,data/sim/rtree_n30_bl0.750_rep037.fa,ok
rtree_n30_bl0.750_rep038,rtree,30,0.75,AA,WAG+G5,500,1200551725,1862639374,data/trees/rtree_n30_bl0.750_rep038.nwk,data/sim/rtree_n30_bl0.750_rep038.fa,ok
rtree_n30_bl0.750_rep039,rtree,30,0.75,AA,WAG+G5,500,1244579786,727014449,data/trees/rtree_n30_bl0.750_rep039.nwk,data/sim/rtree_n30_bl0.750_rep039.fa,ok
rtree_n30_bl0.750_rep040,rtree,30,0.75,AA,WAG+G5,500,786284821,1494593105,data/trees/rtree_n30_bl0.750_rep040.nwk,data/sim/rtree_n30_bl0.750_rep040.fa,ok
rtree_n30_bl0.750_rep041,rtree,30,0.75,AA,WAG+G5,500,913035308,544163303,data/trees/rtree_n30_bl0.750_rep041.nwk,data/sim/rtree_n30_bl0.750_rep041.fa,ok
rtree_n30_bl0.750_rep042,rtree,30,0.75,AA,WAG+G5,500,1805274746,1870840903,data/trees/rtree_n30_bl0.750_rep042.nwk,data/sim/rtree_n30_bl0.750_rep042.fa,ok
rtree_n30_bl0.750_rep043,rtree,30,0.75,AA,WAG+G5,500,1840000426,838854978,data/trees/rtree_n30_bl0.750_rep043.nwk,data/sim/rtree_n30_bl0.750_rep043.fa,ok
rtree_n30_bl0.750_rep044,rtree,30,0.75,AA,WAG+G5,500,674978729,1186473852,data/trees/rtree_n30_bl0.750_rep044.nwk,data/sim/rtree_n30_bl0.750_rep044.fa,ok
rtree_n30_bl0.750_rep045,rtree,30,0.75,AA,WAG+G5,500,85459711,351651126,data/trees/rtree_n30_bl0.750_rep045.nwk,data/sim/rtree_n30_bl0.750_rep045.fa,ok
rtree_n30_bl0.750_rep046,rtree,30,0.75,AA,WAG+G5,500,1560069234,1882721473,data/trees/rtree_n30_bl0.750_rep046.nwk,data/sim/rtree_n30_bl0.750_rep046.fa,ok
rtree_n30_bl0.750_rep047,rtree,30,0.75,AA,WAG+G5,500,728588966,1528968411,data/trees/rtree_n30_bl0.750_rep047.nwk,data/sim/rtree_n30_bl0.750_rep047.fa,ok
rtree_n30_bl0.750_rep048,rtree,30,0.75,AA,WAG+G5,500,170268723,812695727,data/trees/rtree_n30_bl0.750_rep048.nwk,data/sim/rtree_n30_bl0.750_rep048.fa,ok
rtree_n30_bl0.750_rep049,rtree,30,0.75,AA,WAG+G5,500,2075561488,275512929,data/trees/rtree_n30_bl0.750_rep049.nwk,data/sim/rtree_n30_bl0.750_rep049.fa,ok
rtree_n30_bl0.750_rep050,rtree,30,0.75,AA,WAG+G5,500,878428938,1846570827,data/trees/rtree_n30_bl0.750_rep050.nwk,data/sim/rtree_n30_bl0.750_rep050.fa,ok
rtree_n30_bl0.750_rep051,rtree,30,0.75,AA,WAG+G5,500,1443736612,1392033589,data/trees/rtree_n30_bl0.750_rep051.nwk,data/sim/rtree_n30_bl0.750_rep051.fa,ok
rtree_n30_bl0.750_rep052,rtree,30,0.75,AA,WAG+G5,500,1540269796,1053164392,data/trees/rtree_n30_bl0.750_rep052.nwk,data/sim/rtree_n30_bl0.750_rep052.fa,ok
rtree_n30_bl0.750_rep053,rtree,30,0.75,AA,WAG+G5,500,1307559655,1306574486,data/trees/rtree_n30_bl0.750_rep053.nwk,data/sim/rtree_n30_bl0.750_rep053.fa,ok
rtree_n30_bl0.750_rep054,rtree,30,0.75,AA,WAG+G5,500,1525249347,1993751946,data/trees/rtree_n30_bl0.750_rep054.nwk,data/sim/rtree_n30_bl0.750_rep054.fa,ok
rtree_n30_bl0.750_rep055,rtree,30,0.75,AA,WAG+G5,500,1306801631,1672868500,data/trees/rtree_n30_bl0.750_rep055.nwk,data/sim/rtree_n30_bl0.750_rep055.fa,ok
rtree_n30_bl0.750_rep056,rtree,30,0.75,AA,WAG+G5,500,1570991591,1903969981,data/trees/rtree_n30_bl0.750_rep056.nwk,data/sim/rtree_n30_bl0.750_rep056.fa,ok
rtree_n30_bl0.750_rep057,rtree,30,0.75,AA,WAG+G5,500,1915584422,57802008,data/trees/rtree_n30_bl0.750_rep057.nwk,data/sim/rtree_n30_bl0.750_rep057.fa,ok
rtree_n30_bl0.750_rep058,rtree,30,0.75,AA,WAG+G5,500,474748337,321312972,data/trees/rtree_n30_bl0.750_rep058.nwk,data/sim/rtree_n30_bl0.750_rep058.fa,ok
rtree_n30_bl0.750_rep059,rtree,30,0.75,AA,WAG+G5,500,2032901252,1908751323,data/trees/rtree_n30_bl0.750_rep059.nwk,data/sim/rtree_n30_bl0.750_rep059.fa,ok
rtree_n30_bl0.750_rep060,rtree,30,0.75,AA,WAG+G5,500,151889502,1348485704,data/trees/rtree_n30_bl0.750_rep060.nwk,data/sim/rtree_n30_bl0.750_rep060.fa,ok
rtree_n30_bl0.750_rep061,rtree,30,0.75,AA,WAG+G5,500,1270263897,617161437,data/trees/rtree_n30_bl0.750_rep061.nwk,data/sim/rtree_n30_bl0.750_rep061.fa,ok
rtree_n30_bl0.750_rep062,rtree,30,0.75,AA,WAG+G5,500,1304216565,1325325110,data/trees/rtree_n30_bl0.750_rep062.nwk,data/sim/rtree_n30_bl0.750_rep062.fa,ok
rtree_n30_bl0.750_rep063,rtree,30,0.75,AA,WAG+G5,500,713453871,106270136,data/trees/rtree_n30_bl0.750_rep063.nwk,data/sim/rtree_n30_bl0.750_rep063.fa,ok
rtree_n30_bl0.750_rep064,rtree,30,0.75,AA,WAG+G5,500,1958673567,873908307,data/trees/rtree_n30_bl0.750_rep064.nwk,data/sim/rtree_n30_bl0.750_rep064.fa,ok
rtree_n30_bl0.750_rep065,rtree,30,0.75,AA,WAG+G5,500,1466288583,477390806,data/trees/rtree_n30_bl0.750_rep065.nwk,data/sim/rtree_n30_bl0.750_rep065.fa,ok
rtree_n30_bl0.750_rep066,rtree,30,0.75,AA,WAG+G5,500,350251288,615506202,data/trees/rtree_n30_bl0.750_rep066.nwk,data/sim/rtree_n30_bl0.750_rep066.fa,ok
rtree_n30_bl0.750_rep067,rtree,30,0.75,AA,WAG+G5,500,1045624518,516257044,data/trees/rtree_n30_bl0.750_rep067.nwk,data/sim/rtree_n30_bl0.750_rep067.fa,ok
rtree_n30_bl0.750_rep068,rtree,30,0.75,AA,WAG+G5,500,1567477831,1611499552,data/trees/rtree_n30_bl0.750_rep068.nwk,data/sim/rtree_n30_bl0.750_rep068.fa,ok
rtree_n30_bl0.750_rep069,rtree,30,0.75,AA,WAG+G5,500,1237532583,932294994,data/trees/rtree_n30_bl0.750_rep069.nwk,data/sim/rtree_n30_bl0.750_rep069.fa,ok
rtree_n30_bl0.750_rep070,rtree,30,0.75,AA,WAG+G5,500,1253941351,1532894450,data/trees/rtree_n30_bl0.750_rep070.nwk,data/sim/rtree_n30_bl0.750_rep070.fa,ok
rtree_n30_bl0.750_rep071,rtree,30,0.75,AA,WAG+G5,500,782104410,600186900,data/trees/rtree_n30_bl0.750_rep071.nwk,data/sim/rtree_n30_bl0.750_rep071.fa,ok
rtree_n30_bl0.750_rep072,rtree,30,0.75,AA,WAG+G5,500,1728613541,935284446,data/trees/rtree_n30_bl0.750_rep072.nwk,data/sim/rtree_n30_bl0.750_rep072.fa,ok
rtree_n30_bl0.750_rep073,rtree,30,0.75,AA,WAG+G5,500,227073666,717494844,data/trees/rtree_n30_bl0.750_rep073.nwk,data/sim/rtree_n30_bl0.750_rep073.fa,ok
rtree_n30_bl0.750_rep074,rtree,30,0.75,AA,WAG+G5,500,1184922451,252576718,data/trees/rtree_n30_bl0.750_rep074.nwk,data/sim/rtree_n30_bl0.750_rep074.fa,ok
rtree_n30_bl0.750_rep075,rtree,30,0.75,AA,WAG+G5,500,22610214,1219559251,data/trees/rtree_n30_bl0.750_rep075.nwk,data/sim/rtree_n30_bl0.750_rep075.fa,ok
rtree_n30_bl0.750_rep076,rtree,30,0.75,AA,WAG+G5,500,690716877,1966817664,data/trees/rtree_n30_bl0.750_rep076.nwk,data/sim/rtree_n30_bl0.750_rep076.fa,ok
rtree_n30_bl0.750_rep077,rtree,30,0.75,AA,WAG+G5,500,993202221,721924551,data/trees/rtree_n30_bl0.750_rep077.nwk,data/sim/rtree_n30_bl0.750_rep077.fa,ok
rtree_n30_bl0.750_rep078,rtree,30,0.75,AA,WAG+G5,500,1298476978,186700467,data/trees/rtree_n30_bl0.750_rep078.nwk,data/sim/rtree_n30_bl0.750_rep078.fa,ok
rtree_n30_bl0.750_rep079,rtree,30,0.75,AA,WAG+G5,500,2092318040,1480914140,data/trees/rtree_n30_bl0.750_rep079.nwk,data/sim/rtree_n30_bl0.750_rep079.fa,ok
rtree_n30_bl0.750_rep080,rtree,30,0.75,AA,WAG+G5,500,1132764662,1084723456,data/trees/rtree_n30_bl0.750_rep080.nwk,data/sim/rtree_n30_bl0.750_rep080.fa,ok
rtree_n30_bl0.750_rep081,rtree,30,0.75,AA,WAG+G5,500,1078945638,1804647894,data/trees/rtree_n30_bl0.750_rep081.nwk,data/sim/rtree_n30_bl0.750_rep081.fa,ok
rtree_n30_bl0.750_rep082,rtree,30,0.75,AA,WAG+G5,500,1743658762,883866837,data/trees/rtree_n30_bl0.750_rep082.nwk,data/sim/rtree_n30_bl0.750_rep082.fa,ok
rtree_n30_bl0.750_rep083,rtree,30,0.75,AA,WAG+G5,500,565353867,142214176,data/trees/rtree_n30_bl0.750_rep083.nwk,data/sim/rtree_n30_bl0.750_rep083.fa,ok
rtree_n30_bl0.750_rep084,rtree,30,0.75,AA,WAG+G5,500,303210684,1988653761,data/trees/rtree_n30_bl0.750_rep084.nwk,data/sim/rtree_n30_bl0.750_rep084.fa,ok
rtree_n30_bl0.750_rep085,rtree,30,0.75,AA,WAG+G5,500,426335325,905888947,data/trees/rtree_n30_bl0.750_rep085.nwk,data/sim/rtree_n30_bl0.750_rep085.fa,ok
rtree_n30_bl0.750_rep086,rtree,30,0.75,AA,WAG+G5,500,532948393,105031261,data/trees/rtree_n30_bl0.750_rep086.nwk,data/sim/rtree_n30_bl0.750_rep086.fa,ok
rtree_n30_bl0.750_rep087,rtree,30,0.75,AA,WAG+G5,500,1203342783,1732118913,data/trees/rtree_n30_bl0.750_rep087.nwk,data/sim/rtree_n30_bl0.750_rep087.fa,ok
rtree_n30_bl0.750_rep088,rtree,30,0.75,AA,WAG+G5,500,482535065,1152817093,data/trees/rtree_n30_bl0.750_rep088.nwk,data/sim/rtree_n30_bl0.750_rep088.fa,ok
rtree_n30_bl0.750_rep089,rtree,30,0.75,AA,WAG+G5,500,2005468280,1457631255,data/trees/rtree_n30_bl0.750_rep089.nwk,data/sim/rtree_n30_bl0.750_rep089.fa,ok
rtree_n30_bl0.750_rep090,rtree,30,0.75,AA,WAG+G5,500,119544573,1290748987,data/trees/rtree_n30_bl0.750_rep090.nwk,data/sim/rtree_n30_bl0.750_rep090.fa,ok
rtree_n30_bl0.750_rep091,rtree,30,0.75,AA,WAG+G5,500,2079887890,1286317412,data/trees/rtree_n30_bl0.750_rep091.nwk,data/sim/rtree_n30_bl0.750_rep091.fa,ok
rtree_n30_bl0.750_rep092,rtree,30,0.75,AA,WAG+G5,500,2051610482,497028535,data/trees/rtree_n30_bl0.750_rep092.nwk,data/sim/rtree_n30_bl0.750_rep092.fa,ok
rtree_n30_bl0.750_rep093,rtree,30,0.75,AA,WAG+G5,500,1504470843,611087453,data/trees/rtree_n30_bl0.750_rep093.nwk,data/sim/rtree_n30_bl0.750_rep093.fa,ok
rtree_n30_bl0.750_rep094,rtree,30,0.75,AA,WAG+G5,500,890906449,1193516465,data/trees/rtree_n30_bl0.750_rep094.nwk,data/sim/rtree_n30_bl0.750_rep094.fa,ok
rtree_n30_bl0.750_rep095,rtree,30,0.75,AA,WAG+G5,500,1857416280,721952900,data/trees/rtree_n30_bl0.750_rep095.nwk,data/sim/rtree_n30_bl0.750_rep095.fa,ok
rtree_n30_bl0.750_rep096,rtree,30,0.75,AA,WAG+G5,500,1650922255,1828279334,data/trees/rtree_n30_bl0.750_rep096.nwk,data/sim/rtree_n30_bl0.750_rep096.fa,ok
rtree_n30_bl0.750_rep097,rtree,30,0.75,AA,WAG+G5,500,1225351558,616812341,data/trees/rtree_n30_bl0.750_rep097.nwk,data/sim/rtree_n30_bl0.750_rep097.fa,ok
rtree_n30_bl0.750_rep098,rtree,30,0.75,AA,WAG+G5,500,1421256166,919584285,data/trees/rtree_n30_bl0.750_rep098.nwk,data/sim/rtree_n30_bl0.750_rep098.fa,ok
rtree_n30_bl0.750_rep099,rtree,30,0.75,AA,WAG+G5,500,39913747,841334541,data/trees/rtree_n30_bl0.750_rep099.nwk,data/sim/rtree_n30_bl0.750_rep099.fa,ok
rtree_n30_bl0.750_rep100,rtree,30,0.75,AA,WAG+G5,500,814532824,331272604,data/trees/rtree_n30_bl0.750_rep100.nwk,data/sim/rtree_n30_bl0.750_rep100.fa,ok
yule_n30_bl0.125_rep001,yule,30,0.125,AA,WAG+G5,500,593323854,1744972197,data/trees/yule_n30_bl0.125_rep001.nwk,data/sim/yule_n30_bl0.125_rep001.fa,ok
yule_n30_bl0.125_rep002,yule,30,0.125,AA,WAG+G5,500,1142013535,268821143,data/trees/yule_n30_bl0.125_rep002.nwk,data/sim/yule_n30_bl0.125_rep002.fa,ok
yule_n30_bl0.125_rep003,yule,30,0.125,AA,WAG+G5,500,1242304625,1945421837,data/trees/yule_n30_bl0.125_rep003.nwk,data/sim/yule_n30_bl0.125_rep003.fa,ok
yule_n30_bl0.125_rep004,yule,30,0.125,AA,WAG+G5,500,64905081,185943172,data/trees/yule_n30_bl0.125_rep004.nwk,data/sim/yule_n30_bl0.125_rep004.fa,ok
yule_n30_bl0.125_rep005,yule,30,0.125,AA,WAG+G5,500,1736862554,1422877310,data/trees/yule_n30_bl0.125_rep005.nwk,data/sim/yule_n30_bl0.125_rep005.fa,ok
yule_n30_bl0.125_rep006,yule,30,0.125,AA,WAG+G5,500,1420790182,521630864,data/trees/yule_n30_bl0.125_rep006.nwk,data/sim/yule_n30_bl0.125_rep006.fa,ok
yule_n30_bl0.125_rep007,yule,30,0.125,AA,WAG+G5,500,1661183306,480396574,data/trees/yule_n30_bl0.125_rep007.nwk,data/sim/yule_n30_bl0.125_rep007.fa,ok
yule_n30_bl0.125_rep008,yule,30,0.125,AA,WAG+G5,500,702744744,748593588,data/trees/yule_n30_bl0.125_rep008.nwk,data/sim/yule_n30_bl0.125_rep008.fa,ok
yule_n30_bl0.125_rep009,yule,30,0.125,AA,WAG+G5,500,1226807898,2120414759,data/trees/yule_n30_bl0.125_rep009.nwk,data/sim/yule_n30_bl0.125_rep009.fa,ok
yule_n30_bl0.125_rep010,yule,30,0.125,AA,WAG+G5,500,1900643977,982744654,data/trees/yule_n30_bl0.125_rep010.nwk,data/sim/yule_n30_bl0.125_rep010.fa,ok
yule_n30_bl0.125_rep011,yule,30,0.125,AA,WAG+G5,500,1165997645,1696178330,data/trees/yule_n30_bl0.125_rep011.nwk,data/sim/yule_n30_bl0.125_rep011.fa,ok
yule_n30_bl0.125_rep012,yule,30,0.125,AA,WAG+G5,500,1482462211,218969750,data/trees/yule_n30_bl0.125_rep012.nwk,data/sim/yule_n30_bl0.125_rep012.fa,ok
yule_n30_bl0.125_rep013,yule,30,0.125,AA,WAG+G5,500,1454597785,976948718,data/trees/yule_n30_bl0.125_rep013.nwk,data/sim/yule_n30_bl0.125_rep013.fa,ok
yule_n30_bl0.125_rep014,yule,30,0.125,AA,WAG+G5,500,1275391102,764455139,data/trees/yule_n30_bl0.125_rep014.nwk,data/sim/yule_n30_bl0.125_rep014.fa,ok
yule_n30_bl0.125_rep015,yule,30,0.125,AA,WAG+G5,500,329070982,229750798,data/trees/yule_n30_bl0.125_rep015.nwk,data/sim/yule_n30_bl0.125_rep015.fa,ok
yule_n30_bl0.125_rep016,yule,30,0.125,AA,WAG+G5,500,1220826190,632850677,data/trees/yule_n30_bl0.125_rep016.nwk,data/sim/yule_n30_bl0.125_rep016.fa,ok
yule_n30_bl0.125_rep017,yule,30,0.125,AA,WAG+G5,500,1351567066,1828284271,data/trees/yule_n30_bl0.125_rep017.nwk,data/sim/yule_n30_bl0.125_rep017.fa,ok
yule_n30_bl0.125_rep018,yule,30,0.125,AA,WAG+G5,500,16433293,473170426,data/trees/yule_n30_bl0.125_rep018.nwk,data/sim/yule_n30_bl0.125_rep018.fa,ok
yule_n30_bl0.125_rep019,yule,30,0.125,AA,WAG+G5,500,2130382993,967285775,data/trees/yule_n30_bl0.125_rep019.nwk,data/sim/yule_n30_bl0.125_rep019.fa,ok
yule_n30_bl0.125_rep020,yule,30,0.125,AA,WAG+G5,500,967331070,1977885469,data/trees/yule_n30_bl0.125_rep020.nwk,data/sim/yule_n30_bl0.125_rep020.fa,ok
yule_n30_bl0.125_rep021,yule,30,0.125,AA,WAG+G5,500,244349284,833933710,data/trees/yule_n30_bl0.125_rep021.nwk,data/sim/yule_n30_bl0.125_rep021.fa,ok
yule_n30_bl0.125_rep022,yule,30,0.125,AA,WAG+G5,500,921287832,2099904199,data/trees/yule_n30_bl0.125_rep022.nwk,data/sim/yule_n30_bl0.125_rep022.fa,ok
yule_n30_bl0.125_rep023,yule,30,0.125,AA,WAG+G5,500,524367437,1835749840,data/trees/yule_n30_bl0.125_rep023.nwk,data/sim/yule_n30_bl0.125_rep023.fa,ok
yule_n30_bl0.125_rep024,yule,30,0.125,AA,WAG+G5,500,826222178,2980083,data/trees/yule_n30_bl0.125_rep024.nwk,data/sim/yule_n30_bl0.125_rep024.fa,ok
yule_n30_bl0.125_rep025,yule,30,0.125,AA,WAG+G5,500,806274480,1989624147,data/trees/yule_n30_bl0.125_rep025.nwk,data/sim/yule_n30_bl0.125_rep025.fa,ok
yule_n30_bl0.125_rep026,yule,30,0.125,AA,WAG+G5,500,1910714622,1295133648,data/trees/yule_n30_bl0.125_rep026.nwk,data/sim/yule_n30_bl0.125_rep026.fa,ok
yule_n30_bl0.125_rep027,yule,30,0.125,AA,WAG+G5,500,1335014218,1250599848,data/trees/yule_n30_bl0.125_rep027.nwk,data/sim/yule_n30_bl0.125_rep027.fa,ok
yule_n30_bl0.125_rep028,yule,30,0.125,AA,WAG+G5,500,1785225147,1353800175,data/trees/yule_n30_bl0.125_rep028.nwk,data/sim/yule_n30_bl0.125_rep028.fa,ok
yule_n30_bl0.125_rep029,yule,30,0.125,AA,WAG+G5,500,1182559765,338847105,data/trees/yule_n30_bl0.125_rep029.nwk,data/sim/yule_n30_bl0.125_rep029.fa,ok
yule_n30_bl0.125_rep030,yule,30,0.125,AA,WAG+G5,500,1993956961,820301730,data/trees/yule_n30_bl0.125_rep030.nwk,data/sim/yule_n30_bl0.125_rep030.fa,ok
yule_n30_bl0.125_rep031,yule,30,0.125,AA,WAG+G5,500,492215306,1295730617,data/trees/yule_n30_bl0.125_rep031.nwk,data/sim/yule_n30_bl0.125_rep031.fa,ok
yule_n30_bl0.125_rep032,yule,30,0.125,AA,WAG+G5,500,1781622269,284719013,data/trees/yule_n30_bl0.125_rep032.nwk,data/sim/yule_n30_bl0.125_rep032.fa,ok
yule_n30_bl0.125_rep033,yule,30,0.125,AA,WAG+G5,500,966472899,535911603,data/trees/yule_n30_bl0.125_rep033.nwk,data/sim/yule_n30_bl0.125_rep033.fa,ok
yule_n30_bl0.125_rep034,yule,30,0.125,AA,WAG+G5,500,16013781,319826883,data/trees/yule_n30_bl0.125_rep034.nwk,data/sim/yule_n30_bl0.125_rep034.fa,ok
yule_n30_bl0.125_rep035,yule,30,0.125,AA,WAG+G5,500,732478339,1761872880,data/trees/yule_n30_bl0.125_rep035.nwk,data/sim/yule_n30_bl0.125_rep035.fa,ok
yule_n30_bl0.125_rep036,yule,30,0.125,AA,WAG+G5,500,579572944,1990181844,data/trees/yule_n30_bl0.125_rep036.nwk,data/sim/yule_n30_bl0.125_rep036.fa,ok
yule_n30_bl0.125_rep037,yule,30,0.125,AA,WAG+G5,500,1971549383,1650399425,data/trees/yule_n30_bl0.125_rep037.nwk,data/sim/yule_n30_bl0.125_rep037.fa,ok
yule_n30_bl0.125_rep038,yule,30,0.125,AA,WAG+G5,500,816085796,752210567,data/trees/yule_n30_bl0.125_rep038.nwk,data/sim/yule_n30_bl0.125_rep038.fa,ok
yule_n30_bl0.125_rep039,yule,30,0.125,AA,WAG+G5,500,1795847209,1193893539,data/trees/yule_n30_bl0.125_rep039.nwk,data/sim/yule_n30_bl0.125_rep039.fa,ok
yule_n30_bl0.125_rep040,yule,30,0.125,AA,WAG+G5,500,242498188,1555920522,data/trees/yule_n30_bl0.125_rep040.nwk,data/sim/yule_n30_bl0.125_rep040.fa,ok
yule_n30_bl0.125_rep041,yule,30,0.125,AA,WAG+G5,500,1708981625,268330553,data/trees/yule_n30_bl0.125_rep041.nwk,data/sim/yule_n30_bl0.125_rep041.fa,ok
yule_n30_bl0.125_rep042,yule,30,0.125,AA,WAG+G5,500,1204647776,2114163198,data/trees/yule_n30_bl0.125_rep042.nwk,data/sim/yule_n30_bl0.125_rep042.fa,ok
yule_n30_bl0.125_rep043,yule,30,0.125,AA,WAG+G5,500,1645000555,91698652,data/trees/yule_n30_bl0.125_rep043.nwk,data/sim/yule_n30_bl0.125_rep043.fa,ok
yule_n30_bl0.125_rep044,yule,30,0.125,AA,WAG+G5,500,1617118079,1478012848,data/trees/yule_n30_bl0.125_rep044.nwk,data/sim/yule_n30_bl0.125_rep044.fa,ok
yule_n30_bl0.125_rep045,yule,30,0.125,AA,WAG+G5,500,1808798029,1355422423,data/trees/yule_n30_bl0.125_rep045.nwk,data/sim/yule_n30_bl0.125_rep045.fa,ok
yule_n30_bl0.125_rep046,yule,30,0.125,AA,WAG+G5,500,1399899292,1644370726,data/trees/yule_n30_bl0.125_rep046.nwk,data/sim/yule_n30_bl0.125_rep046.fa,ok
yule_n30_bl0.125_rep047,yule,30,0.125,AA,WAG+G5,500,120825076,176264399,data/trees/yule_n30_bl0.125_rep047.nwk,data/sim/yule_n30_bl0.125_rep047.fa,ok
yule_n30_bl0.125_rep048,yule,30,0.125,AA,WAG+G5,500,1223944010,1663666507,data/trees/yule_n30_bl0.125_rep048.nwk,data/sim/yule_n30_bl0.125_rep048.fa,ok
yule_n30_bl0.125_rep049,yule,30,0.125,AA,WAG+G5,500,119110978,48243394,data/trees/yule_n30_bl0.125_rep049.nwk,data/sim/yule_n30_bl0.125_rep049.fa,ok
yule_n30_bl0.125_rep050,yule,30,0.125,AA,WAG+G5,500,1687267508,2055523787,data/trees/yule_n30_bl0.125_rep050.nwk,data/sim/yule_n30_bl0.125_rep050.fa,ok
yule_n30_bl0.125_rep051,yule,30,0.125,AA,WAG+G5,500,836562554,1118853122,data/trees/yule_n30_bl0.125_rep051.nwk,data/sim/yule_n30_bl0.125_rep051.fa,ok
yule_n30_bl0.125_rep052,yule,30,0.125,AA,WAG+G5,500,552750849,684571121,data/trees/yule_n30_bl0.125_rep052.nwk,data/sim/yule_n30_bl0.125_rep052.fa,ok
yule_n30_bl0.125_rep053,yule,30,0.125,AA,WAG+G5,500,320845220,2038754226,data/trees/yule_n30_bl0.125_rep053.nwk,data/sim/yule_n30_bl0.125_rep053.fa,ok
yule_n30_bl0.125_rep054,yule,30,0.125,AA,WAG+G5,500,351750023,583712163,data/trees/yule_n30_bl0.125_rep054.nwk,data/sim/yule_n30_bl0.125_rep054.fa,ok
yule_n30_bl0.125_rep055,yule,30,0.125,AA,WAG+G5,500,1024257439,579010333,data/trees/yule_n30_bl0.125_rep055.nwk,data/sim/yule_n30_bl0.125_rep055.fa,ok
yule_n30_bl0.125_rep056,yule,30,0.125,AA,WAG+G5,500,1550699572,357956058,data/trees/yule_n30_bl0.125_rep056.nwk,data/sim/yule_n30_bl0.125_rep056.fa,ok
yule_n30_bl0.125_rep057,yule,30,0.125,AA,WAG+G5,500,2085843784,1662936552,data/trees/yule_n30_bl0.125_rep057.nwk,data/sim/yule_n30_bl0.125_rep057.fa,ok
yule_n30_bl0.125_rep058,yule,30,0.125,AA,WAG+G5,500,2032016872,318404574,data/trees/yule_n30_bl0.125_rep058.nwk,data/sim/yule_n30_bl0.125_rep058.fa,ok
yule_n30_bl0.125_rep059,yule,30,0.125,AA,WAG+G5,500,29929111,807591898,data/trees/yule_n30_bl0.125_rep059.nwk,data/sim/yule_n30_bl0.125_rep059.fa,ok
yule_n30_bl0.125_rep060,yule,30,0.125,AA,WAG+G5,500,1758926358,856181226,data/trees/yule_n30_bl0.125_rep060.nwk,data/sim/yule_n30_bl0.125_rep060.fa,ok
yule_n30_bl0.125_rep061,yule,30,0.125,AA,WAG+G5,500,824093220,1661275989,data/trees/yule_n30_bl0.125_rep061.nwk,data/sim/yule_n30_bl0.125_rep061.fa,ok
yule_n30_bl0.125_rep062,yule,30,0.125,AA,WAG+G5,500,1055530233,1028034932,data/trees/yule_n30_bl0.125_rep062.nwk,data/sim/yule_n30_bl0.125_rep062.fa,ok
yule_n30_bl0.125_rep063,yule,30,0.125,AA,WAG+G5,500,1326273971,1498003289,data/trees/yule_n30_bl0.125_rep063.nwk,data/sim/yule_n30_bl0.125_rep063.fa,ok
yule_n30_bl0.125_rep064,yule,30,0.125,AA,WAG+G5,500,552611611,1532294217,data/trees/yule_n30_bl0.125_rep064.nwk,data/sim/yule_n30_bl0.125_rep064.fa,ok
yule_n30_bl0.125_rep065,yule,30,0.125,AA,WAG+G5,500,2075622862,1902863014,data/trees/yule_n30_bl0.125_rep065.nwk,data/sim/yule_n30_bl0.125_rep065.fa,ok
yule_n30_bl0.125_rep066,yule,30,0.125,AA,WAG+G5,500,2113815542,1150402159,data/trees/yule_n30_bl0.125_rep066.nwk,data/sim/yule_n30_bl0.125_rep066.fa,ok
yule_n30_bl0.125_rep067,yule,30,0.125,AA,WAG+G5,500,1371812282,1372972579,data/trees/yule_n30_bl0.125_rep067.nwk,data/sim/yule_n30_bl0.125_rep067.fa,ok
yule_n30_bl0.125_rep068,yule,30,0.125,AA,WAG+G5,500,1338443059,1689040275,data/trees/yule_n30_bl0.125_rep068.nwk,data/sim/yule_n30_bl0.125_rep068.fa,ok
yule_n30_bl0.125_rep069,yule,30,0.125,AA,WAG+G5,500,671771401,533316419,data/trees/yule_n30_bl0.125_rep069.nwk,data/sim/yule_n30_bl0.125_rep069.fa,ok
yule_n30_bl0.125_rep070,yule,30,0.125,AA,WAG+G5,500,1043770841,591709713,data/trees/yule_n30_bl0.125_rep070.nwk,data/sim/yule_n30_bl0.125_rep070.fa,ok
yule_n30_bl0.125_rep071,yule,30,0.125,AA,WAG+G5,500,525277555,924224184,data/trees/yule_n30_bl0.125_rep071.nwk,data/sim/yule_n30_bl0.125_rep071.fa,ok
yule_n30_bl0.125_rep072,yule,30,0.125,AA,WAG+G5,500,2035931771,559777077,data/trees/yule_n30_bl0.125_rep072.nwk,data/sim/yule_n30_bl0.125_rep072.fa,ok
yule_n30_bl0.125_rep073,yule,30,0.125,AA,WAG+G5,500,1869236298,1845410069,data/trees/yule_n30_bl0.125_rep073.nwk,data/sim/yule_n30_bl0.125_rep073.fa,ok
yule_n30_bl0.125_rep074,yule,30,0.125,AA,WAG+G5,500,1866282461,1688482650,data/trees/yule_n30_bl0.125_rep074.nwk,data/sim/yule_n30_bl0.125_rep074.fa,ok
yule_n30_bl0.125_rep075,yule,30,0.125,AA,WAG+G5,500,891871939,1964177661,data/trees/yule_n30_bl0.125_rep075.nwk,data/sim/yule_n30_bl0.125_rep075.fa,ok
yule_n30_bl0.125_rep076,yule,30,0.125,AA,WAG+G5,500,1903947679,1134098972,data/trees/yule_n30_bl0.125_rep076.nwk,data/sim/yule_n30_bl0.125_rep076.fa,ok
yule_n30_bl0.125_rep077,yule,30,0.125,AA,WAG+G5,500,57182982,67034285,data/trees/yule_n30_bl0.125_rep077.nwk,data/sim/yule_n30_bl0.125_rep077.fa,ok
yule_n30_bl0.125_rep078,yule,30,0.125,AA,WAG+G5,500,891904457,874240941,data/trees/yule_n30_bl0.125_rep078.nwk,data/sim/yule_n30_bl0.125_rep078.fa,ok
yule_n30_bl0.125_rep079,yule,30,0.125,AA,WAG+G5,500,1595459654,1483661681,data/trees/yule_n30_bl0.125_rep079.nwk,data/sim/yule_n30_bl0.125_rep079.fa,ok
yule_n30_bl0.125_rep080,yule,30,0.125,AA,WAG+G5,500,539773544,1105180162,data/trees/yule_n30_bl0.125_rep080.nwk,data/sim/yule_n30_bl0.125_rep080.fa,ok
yule_n30_bl0.125_rep081,yule,30,0.125,AA,WAG+G5,500,2089493426,729794671,data/trees/yule_n30_bl0.125_rep081.nwk,data/sim/yule_n30_bl0.125_rep081.fa,ok
yule_n30_bl0.125_rep082,yule,30,0.125,AA,WAG+G5,500,343372430,1862277246,data/trees/yule_n30_bl0.125_rep082.nwk,data/sim/yule_n30_bl0.125_rep082.fa,ok
yule_n30_bl0.125_rep083,yule,30,0.125,AA,WAG+G5,500,755600729,219917597,data/trees/yule_n30_bl0.125_rep083.nwk,data/sim/yule_n30_bl0.125_rep083.fa,ok
yule_n30_bl0.125_rep084,yule,30,0.125,AA,WAG+G5,500,1222111577,1106719140,data/trees/yule_n30_bl0.125_rep084.nwk,data/sim/yule_n30_bl0.125_rep084.fa,ok
yule_n30_bl0.125_rep085,yule,30,0.125,AA,WAG+G5,500,1447873809,1208781671,data/trees/yule_n30_bl0.125_rep085.nwk,data/sim/yule_n30_bl0.125_rep085.fa,ok
yule_n30_bl0.125_rep086,yule,30,0.125,AA,WAG+G5,500,1587310546,430016334,data/trees/yule_n30_bl0.125_rep086.nwk,data/sim/yule_n30_bl0.125_rep086.fa,ok
yule_n30_bl0.125_rep087,yule,30,0.125,AA,WAG+G5,500,656349250,625943077,data/trees/yule_n30_bl0.125_rep087.nwk,data/sim/yule_n30_bl0.125_rep087.fa,ok
yule_n30_bl0.125_rep088,yule,30,0.125,AA,WAG+G5,500,374379147,1611266749,data/trees/yule_n30_bl0.125_rep088.nwk,data/sim/yule_n30_bl0.125_rep088.fa,ok
yule_n30_bl0.125_rep089,yule,30,0.125,AA,WAG+G5,500,1790910977,1086276794,data/trees/yule_n30_bl0.125_rep089.nwk,data/sim/yule_n30_bl0.125_rep089.fa,ok
yule_n30_bl0.125_rep090,yule,30,0.125,AA,WAG+G5,500,720499832,2126078106,data/trees/yule_n30_bl0.125_rep090.nwk,data/sim/yule_n30_bl0.125_rep090.fa,ok
yule_n30_bl0.125_rep091,yule,30,0.125,AA,WAG+G5,500,2126359544,418241961,data/trees/yule_n30_bl0.125_rep091.nwk,data/sim/yule_n30_bl0.125_rep091.fa,ok
yule_n30_bl0.125_rep092,yule,30,0.125,AA,WAG+G5,500,33683231,1449608355,data/trees/yule_n30_bl0.125_rep092.nwk,data/sim/yule_n30_bl0.125_rep092.fa,ok
yule_n30_bl0.125_rep093,yule,30,0.125,AA,WAG+G5,500,1193329169,741196089,data/trees/yule_n30_bl0.125_rep093.nwk,data/sim/yule_n30_bl0.125_rep093.fa,ok
yule_n30_bl0.125_rep094,yule,30,0.125,AA,WAG+G5,500,52671062,2147021623,data/trees/yule_n30_bl0.125_rep094.nwk,data/sim/yule_n30_bl0.125_rep094.fa,ok
yule_n30_bl0.125_rep095,yule,30,0.125,AA,WAG+G5,500,446612287,604019223,data/trees/yule_n30_bl0.125_rep095.nwk,data/sim/yule_n30_bl0.125_rep095.fa,ok
yule_n30_bl0.125_rep096,yule,30,0.125,AA,WAG+G5,500,1289116318,902005513,data/trees/yule_n30_bl0.125_rep096.nwk,data/sim/yule_n30_bl0.125_rep096.fa,ok
yule_n30_bl0.125_rep097,yule,30,0.125,AA,WAG+G5,500,1429937182,340447018,data/trees/yule_n30_bl0.125_rep097.nwk,data/sim/yule_n30_bl0.125_rep097.fa,ok
yule_n30_bl0.125_rep098,yule,30,0.125,AA,WAG+G5,500,719691342,951665773,data/trees/yule_n30_bl0.125_rep098.nwk,data/sim/yule_n30_bl0.125_rep098.fa,ok
yule_n30_bl0.125_rep099,yule,30,0.125,AA,WAG+G5,500,1912671033,1867327617,data/trees/yule_n30_bl0.125_rep099.nwk,data/sim/yule_n30_bl0.125_rep099.fa,ok
yule_n30_bl0.125_rep100,yule,30,0.125,AA,WAG+G5,500,483142520,188333101,data/trees/yule_n30_bl0.125_rep100.nwk,data/sim/yule_n30_bl0.125_rep100.fa,ok
yule_n30_bl0.250_rep001,yule,30,0.25,AA,WAG+G5,500,694278589,1057340542,data/trees/yule_n30_bl0.250_rep001.nwk,data/sim/yule_n30_bl0.250_rep001.fa,ok
yule_n30_bl0.250_rep002,yule,30,0.25,AA,WAG+G5,500,404970033,1590275407,data/trees/yule_n30_bl0.250_rep002.nwk,data/sim/yule_n30_bl0.250_rep002.fa,ok
yule_n30_bl0.250_rep003,yule,30,0.25,AA,WAG+G5,500,218704765,1258341998,data/trees/yule_n30_bl0.250_rep003.nwk,data/sim/yule_n30_bl0.250_rep003.fa,ok
yule_n30_bl0.250_rep004,yule,30,0.25,AA,WAG+G5,500,993490770,1894943247,data/trees/yule_n30_bl0.250_rep004.nwk,data/sim/yule_n30_bl0.250_rep004.fa,ok
yule_n30_bl0.250_rep005,yule,30,0.25,AA,WAG+G5,500,498314961,1469678324,data/trees/yule_n30_bl0.250_rep005.nwk,data/sim/yule_n30_bl0.250_rep005.fa,ok
yule_n30_bl0.250_rep006,yule,30,0.25,AA,WAG+G5,500,1586598947,1228457703,data/trees/yule_n30_bl0.250_rep006.nwk,data/sim/yule_n30_bl0.250_rep006.fa,ok
yule_n30_bl0.250_rep007,yule,30,0.25,AA,WAG+G5,500,274999277,1989357134,data/trees/yule_n30_bl0.250_rep007.nwk,data/sim/yule_n30_bl0.250_rep007.fa,ok
yule_n30_bl0.250_rep008,yule,30,0.25,AA,WAG+G5,500,1767809527,1816010164,data/trees/yule_n30_bl0.250_rep008.nwk,data/sim/yule_n30_bl0.250_rep008.fa,ok
yule_n30_bl0.250_rep009,yule,30,0.25,AA,WAG+G5,500,1574544584,1250903140,data/trees/yule_n30_bl0.250_rep009.nwk,data/sim/yule_n30_bl0.250_rep009.fa,ok
yule_n30_bl0.250_rep010,yule,30,0.25,AA,WAG+G5,500,1872563762,527806549,data/trees/yule_n30_bl0.250_rep010.nwk,data/sim/yule_n30_bl0.250_rep010.fa,ok
yule_n30_bl0.250_rep011,yule,30,0.25,AA,WAG+G5,500,1917776040,513034842,data/trees/yule_n30_bl0.250_rep011.nwk,data/sim/yule_n30_bl0.250_rep011.fa,ok
yule_n30_bl0.250_rep012,yule,30,0.25,AA,WAG+G5,500,20607779,1970582856,data/trees/yule_n30_bl0.250_rep012.nwk,data/sim/yule_n30_bl0.250_rep012.fa,ok
yule_n30_bl0.250_rep013,yule,30,0.25,AA,WAG+G5,500,1497017003,514450018,data/trees/yule_n30_bl0.250_rep013.nwk,data/sim/yule_n30_bl0.250_rep013.fa,ok
yule_n30_bl0.250_rep014,yule,30,0.25,AA,WAG+G5,500,1680966858,1338041085,data/trees/yule_n30_bl0.250_rep014.nwk,data/sim/yule_n30_bl0.250_rep014.fa,ok
yule_n30_bl0.250_rep015,yule,30,0.25,AA,WAG+G5,500,150461031,1699299084,data/trees/yule_n30_bl0.250_rep015.nwk,data/sim/yule_n30_bl0.250_rep015.fa,ok
yule_n30_bl0.250_rep016,yule,30,0.25,AA,WAG+G5,500,1929982624,700068104,data/trees/yule_n30_bl0.250_rep016.nwk,data/sim/yule_n30_bl0.250_rep016.fa,ok
yule_n30_bl0.250_rep017,yule,30,0.25,AA,WAG+G5,500,481014178,1207050791,data/trees/yule_n30_bl0.250_rep017.nwk,data/sim/yule_n30_bl0.250_rep017.fa,ok
yule_n30_bl0.250_rep018,yule,30,0.25,AA,WAG+G5,500,1909312405,1891625869,data/trees/yule_n30_bl0.250_rep018.nwk,data/sim/yule_n30_bl0.250_rep018.fa,ok
yule_n30_bl0.250_rep019,yule,30,0.25,AA,WAG+G5,500,1646759190,1443065168,data/trees/yule_n30_bl0.250_rep019.nwk,data/sim/yule_n30_bl0.250_rep019.fa,ok
yule_n30_bl0.250_rep020,yule,30,0.25,AA,WAG+G5,500,1822215265,498839942,data/trees/yule_n30_bl0.250_rep020.nwk,data/sim/yule_n30_bl0.250_rep020.fa,ok
yule_n30_bl0.250_rep021,yule,30,0.25,AA,WAG+G5,500,825900615,197223158,data/trees/yule_n30_bl0.250_rep021.nwk,data/sim/yule_n30_bl0.250_rep021.fa,ok
yule_n30_bl0.250_rep022,yule,30,0.25,AA,WAG+G5,500,1535471032,1228632353,data/trees/yule_n30_bl0.250_rep022.nwk,data/sim/yule_n30_bl0.250_rep022.fa,ok
yule_n30_bl0.250_rep023,yule,30,0.25,AA,WAG+G5,500,1769015119,1160018935,data/trees/yule_n30_bl0.250_rep023.nwk,data/sim/yule_n30_bl0.250_rep023.fa,ok
yule_n30_bl0.250_rep024,yule,30,0.25,AA,WAG+G5,500,571798548,1908283194,data/trees/yule_n30_bl0.250_rep024.nwk,data/sim/yule_n30_bl0.250_rep024.fa,ok
yule_n30_bl0.250_rep025,yule,30,0.25,AA,WAG+G5,500,1231153621,968036915,data/trees/yule_n30_bl0.250_rep025.nwk,data/sim/yule_n30_bl0.250_rep025.fa,ok
yule_n30_bl0.250_rep026,yule,30,0.25,AA,WAG+G5,500,214559514,930612341,data/trees/yule_n30_bl0.250_rep026.nwk,data/sim/yule_n30_bl0.250_rep026.fa,ok
yule_n30_bl0.250_rep027,yule,30,0.25,AA,WAG+G5,500,1007183536,2118200172,data/trees/yule_n30_bl0.250_rep027.nwk,data/sim/yule_n30_bl0.250_rep027.fa,ok
yule_n30_bl0.250_rep028,yule,30,0.25,AA,WAG+G5,500,1632465764,907442429,data/trees/yule_n30_bl0.250_rep028.nwk,data/sim/yule_n30_bl0.250_rep028.fa,ok
yule_n30_bl0.250_rep029,yule,30,0.25,AA,WAG+G5,500,1162570410,1740207994,data/trees/yule_n30_bl0.250_rep029.nwk,data/sim/yule_n30_bl0.250_rep029.fa,ok
yule_n30_bl0.250_rep030,yule,30,0.25,AA,WAG+G5,500,1762234438,1564227676,data/trees/yule_n30_bl0.250_rep030.nwk,data/sim/yule_n30_bl0.250_rep030.fa,ok
yule_n30_bl0.250_rep031,yule,30,0.25,AA,WAG+G5,500,201363199,631327610,data/trees/yule_n30_bl0.250_rep031.nwk,data/sim/yule_n30_bl0.250_rep031.fa,ok
yule_n30_bl0.250_rep032,yule,30,0.25,AA,WAG+G5,500,1169937637,768273979,data/trees/yule_n30_bl0.250_rep032.nwk,data/sim/yule_n30_bl0.250_rep032.fa,ok
yule_n30_bl0.250_rep033,yule,30,0.25,AA,WAG+G5,500,2070922812,1284380778,data/trees/yule_n30_bl0.250_rep033.nwk,data/sim/yule_n30_bl0.250_rep033.fa,ok
yule_n30_bl0.250_rep034,yule,30,0.25,AA,WAG+G5,500,72667441,1962407101,data/trees/yule_n30_bl0.250_rep034.nwk,data/sim/yule_n30_bl0.250_rep034.fa,ok
yule_n30_bl0.250_rep035,yule,30,0.25,AA,WAG+G5,500,347426135,1978388548,data/trees/yule_n30_bl0.250_rep035.nwk,data/sim/yule_n30_bl0.250_rep035.fa,ok
yule_n30_bl0.250_rep036,yule,30,0.25,AA,WAG+G5,500,1740364897,1290662185,data/trees/yule_n30_bl0.250_rep036.nwk,data/sim/yule_n30_bl0.250_rep036.fa,ok
yule_n30_bl0.250_rep037,yule,30,0.25,AA,WAG+G5,500,1641211998,462487706,data/trees/yule_n30_bl0.250_rep037.nwk,data/sim/yule_n30_bl0.250_rep037.fa,ok
yule_n30_bl0.250_rep038,yule,30,0.25,AA,WAG+G5,500,1812425298,768458221,data/trees/yule_n30_bl0.250_rep038.nwk,data/sim/yule_n30_bl0.250_rep038.fa,ok
yule_n30_bl0.250_rep039,yule,30,0.25,AA,WAG+G5,500,2035766144,1073574498,data/trees/yule_n30_bl0.250_rep039.nwk,data/sim/yule_n30_bl0.250_rep039.fa,ok
yule_n30_bl0.250_rep040,yule,30,0.25,AA,WAG+G5,500,682907831,301464626,data/trees/yule_n30_bl0.250_rep040.nwk,data/sim/yule_n30_bl0.250_rep040.fa,ok
yule_n30_bl0.250_rep041,yule,30,0.25,AA,WAG+G5,500,1173593245,640157261,data/trees/yule_n30_bl0.250_rep041.nwk,data/sim/yule_n30_bl0.250_rep041.fa,ok
yule_n30_bl0.250_rep042,yule,30,0.25,AA,WAG+G5,500,913957859,1350122503,data/trees/yule_n30_bl0.250_rep042.nwk,data/sim/yule_n30_bl0.250_rep042.fa,ok
yule_n30_bl0.250_rep043,yule,30,0.25,AA,WAG+G5,500,296080521,242049946,data/trees/yule_n30_bl0.250_rep043.nwk,data/sim/yule_n30_bl0.250_rep043.fa,ok
yule_n30_bl0.250_rep044,yule,30,0.25,AA,WAG+G5,500,2072117975,1259564141,data/trees/yule_n30_bl0.250_rep044.nwk,data/sim/yule_n30_bl0.250_rep044.fa,ok
yule_n30_bl0.250_rep045,yule,30,0.25,AA,WAG+G5,500,1135749235,1677684596,data/trees/yule_n30_bl0.250_rep045.nwk,data/sim/yule_n30_bl0.250_rep045.fa,ok
yule_n30_bl0.250_rep046,yule,30,0.25,AA,WAG+G5,500,1072661885,1434187635,data/trees/yule_n30_bl0.250_rep046.nwk,data/sim/yule_n30_bl0.250_rep046.fa,ok
yule_n30_bl0.250_rep047,yule,30,0.25,AA,WAG+G5,500,1397306930,569455044,data/trees/yule_n30_bl0.250_rep047.nwk,data/sim/yule_n30_bl0.250_rep047.fa,ok
yule_n30_bl0.250_rep048,yule,30,0.25,AA,WAG+G5,500,1893770724,270047781,data/trees/yule_n30_bl0.250_rep048.nwk,data/sim/yule_n30_bl0.250_rep048.fa,ok
yule_n30_bl0.250_rep049,yule,30,0.25,AA,WAG+G5,500,1437707352,1859012634,data/trees/yule_n30_bl0.250_rep049.nwk,data/sim/yule_n30_bl0.250_rep049.fa,ok
yule_n30_bl0.250_rep050,yule,30,0.25,AA,WAG+G5,500,1960519225,1684246655,data/trees/yule_n30_bl0.250_rep050.nwk,data/sim/yule_n30_bl0.250_rep050.fa,ok
yule_n30_bl0.250_rep051,yule,30,0.25,AA,WAG+G5,500,509546657,710165656,data/trees/yule_n30_bl0.250_rep051.nwk,data/sim/yule_n30_bl0.250_rep051.fa,ok
yule_n30_bl0.250_rep052,yule,30,0.25,AA,WAG+G5,500,300970638,301349520,data/trees/yule_n30_bl0.250_rep052.nwk,data/sim/yule_n30_bl0.250_rep052.fa,ok
yule_n30_bl0.250_rep053,yule,30,0.25,AA,WAG+G5,500,1560255897,430947126,data/trees/yule_n30_bl0.250_rep053.nwk,data/sim/yule_n30_bl0.250_rep053.fa,ok
yule_n30_bl0.250_rep054,yule,30,0.25,AA,WAG+G5,500,842992996,1592487862,data/trees/yule_n30_bl0.250_rep054.nwk,data/sim/yule_n30_bl0.250_rep054.fa,ok
yule_n30_bl0.250_rep055,yule,30,0.25,AA,WAG+G5,500,287196900,303086707,data/trees/yule_n30_bl0.250_rep055.nwk,data/sim/yule_n30_bl0.250_rep055.fa,ok
yule_n30_bl0.250_rep056,yule,30,0.25,AA,WAG+G5,500,2100713236,270538763,data/trees/yule_n30_bl0.250_rep056.nwk,data/sim/yule_n30_bl0.250_rep056.fa,ok
yule_n30_bl0.250_rep057,yule,30,0.25,AA,WAG+G5,500,1353791207,30244388,data/trees/yule_n30_bl0.250_rep057.nwk,data/sim/yule_n30_bl0.250_rep057.fa,ok
yule_n30_bl0.250_rep058,yule,30,0.25,AA,WAG+G5,500,1063035534,2113670008,data/trees/yule_n30_bl0.250_rep058.nwk,data/sim/yule_n30_bl0.250_rep058.fa,ok
yule_n30_bl0.250_rep059,yule,30,0.25,AA,WAG+G5,500,1383534698,1998518384,data/trees/yule_n30_bl0.250_rep059.nwk,data/sim/yule_n30_bl0.250_rep059.fa,ok
yule_n30_bl0.250_rep060,yule,30,0.25,AA,WAG+G5,500,51938625,1344479888,data/trees/yule_n30_bl0.250_rep060.nwk,data/sim/yule_n30_bl0.250_rep060.fa,ok
yule_n30_bl0.250_rep061,yule,30,0.25,AA,WAG+G5,500,1857249852,72933216,data/trees/yule_n30_bl0.250_rep061.nwk,data/sim/yule_n30_bl0.250_rep061.fa,ok
yule_n30_bl0.250_rep062,yule,30,0.25,AA,WAG+G5,500,210855489,1507552425,data/trees/yule_n30_bl0.250_rep062.nwk,data/sim/yule_n30_bl0.250_rep062.fa,ok
yule_n30_bl0.250_rep063,yule,30,0.25,AA,WAG+G5,500,512837043,463351388,data/trees/yule_n30_bl0.250_rep063.nwk,data/sim/yule_n30_bl0.250_rep063.fa,ok
yule_n30_bl0.250_rep064,yule,30,0.25,AA,WAG+G5,500,288943625,1450393300,data/trees/yule_n30_bl0.250_rep064.nwk,data/sim/yule_n30_bl0.250_rep064.fa,ok
yule_n30_bl0.250_rep065,yule,30,0.25,AA,WAG+G5,500,399645956,732117031,data/trees/yule_n30_bl0.250_rep065.nwk,data/sim/yule_n30_bl0.250_rep065.fa,ok
yule_n30_bl0.250_rep066,yule,30,0.25,AA,WAG+G5,500,1766846344,624830402,data/trees/yule_n30_bl0.250_rep066.nwk,data/sim/yule_n30_bl0.250_rep066.fa,ok
yule_n30_bl0.250_rep067,yule,30,0.25,AA,WAG+G5,500,1326199615,1778955851,data/trees/yule_n30_bl0.250_rep067.nwk,data/sim/yule_n30_bl0.250_rep067.fa,ok
yule_n30_bl0.250_rep068,yule,30,0.25,AA,WAG+G5,500,2005516835,2105511150,data/trees/yule_n30_bl0.250_rep068.nwk,data/sim/yule_n30_bl0.250_rep068.fa,ok
yule_n30_bl0.250_rep069,yule,30,0.25,AA,WAG+G5,500,1721468073,874496875,data/trees/yule_n30_bl0.250_rep069.nwk,data/sim/yule_n30_bl0.250_rep069.fa,ok
yule_n30_bl0.250_rep070,yule,30,0.25,AA,WAG+G5,500,2145591995,126619312,data/trees/yule_n30_bl0.250_rep070.nwk,data/sim/yule_n30_bl0.250_rep070.fa,ok
yule_n30_bl0.250_rep071,yule,30,0.25,AA,WAG+G5,500,1170833237,959629922,data/trees/yule_n30_bl0.250_rep071.nwk,data/sim/yule_n30_bl0.250_rep071.fa,ok
yule_n30_bl0.250_rep072,yule,30,0.25,AA,WAG+G5,500,1159477505,15746152,data/trees/yule_n30_bl0.250_rep072.nwk,data/sim/yule_n30_bl0.250_rep072.fa,ok
yule_n30_bl0.250_rep073,yule,30,0.25,AA,WAG+G5,500,566170587,198907308,data/trees/yule_n30_bl0.250_rep073.nwk,data/sim/yule_n30_bl0.250_rep073.fa,ok
yule_n30_bl0.250_rep074,yule,30,0.25,AA,WAG+G5,500,883204068,236952959,data/trees/yule_n30_bl0.250_rep074.nwk,data/sim/yule_n30_bl0.250_rep074.fa,ok
yule_n30_bl0.250_rep075,yule,30,0.25,AA,WAG+G5,500,1166468133,1301751169,data/trees/yule_n30_bl0.250_rep075.nwk,data/sim/yule_n30_bl0.250_rep075.fa,ok
yule_n30_bl0.250_rep076,yule,30,0.25,AA,WAG+G5,500,339792324,1996652195,data/trees/yule_n30_bl0.250_rep076.nwk,data/sim/yule_n30_bl0.250_rep076.fa,ok
yule_n30_bl0.250_rep077,yule,30,0.25,AA,WAG+G5,500,876372768,1910512124,data/trees/yule_n30_bl0.250_rep077.nwk,data/sim/yule_n30_bl0.250_rep077.fa,ok
yule_n30_bl0.250_rep078,yule,30,0.25,AA,WAG+G5,500,305339228,1211652065,data/trees/yule_n30_bl0.250_rep078.nwk,data/sim/yule_n30_bl0.250_rep078.fa,ok
yule_n30_bl0.250_rep079,yule,30,0.25,AA,WAG+G5,500,176835265,253377197,data/trees/yule_n30_bl0.250_rep079.nwk,data/sim/yule_n30_bl0.250_rep079.fa,ok
yule_n30_bl0.250_rep080,yule,30,0.25,AA,WAG+G5,500,2059798949,235297028,data/trees/yule_n30_bl0.250_rep080.nwk,data/sim/yule_n30_bl0.250_rep080.fa,ok
yule_n30_bl0.250_rep081,yule,30,0.25,AA,WAG+G5,500,1166910557,1133553481,data/trees/yule_n30_bl0.250_rep081.nwk,data/sim/yule_n30_bl0.250_rep081.fa,ok
yule_n30_bl0.250_rep082,yule,30,0.25,AA,WAG+G5,500,1118026740,1940314723,data/trees/yule_n30_bl0.250_rep082.nwk,data/sim/yule_n30_bl0.250_rep082.fa,ok
yule_n30_bl0.250_rep083,yule,30,0.25,AA,WAG+G5,500,656283677,804806277,data/trees/yule_n30_bl0.250_rep083.nwk,data/sim/yule_n30_bl0.250_rep083.fa,ok
yule_n30_bl0.250_rep084,yule,30,0.25,AA,WAG+G5,500,1354037621,759620050,data/trees/yule_n30_bl0.250_rep084.nwk,data/sim/yule_n30_bl0.250_rep084.fa,ok
yule_n30_bl0.250_rep085,yule,30,0.25,AA,WAG+G5,500,2101216069,385640512,data/trees/yule_n30_bl0.250_rep085.nwk,data/sim/yule_n30_bl0.250_rep085.fa,ok
yule_n30_bl0.250_rep086,yule,30,0.25,AA,WAG+G5,500,1743453202,744598121,data/trees/yule_n30_bl0.250_rep086.nwk,data/sim/yule_n30_bl0.250_rep086.fa,ok
yule_n30_bl0.250_rep087,yule,30,0.25,AA,WAG+G5,500,1263401459,1514460870,data/trees/yule_n30_bl0.250_rep087.nwk,data/sim/yule_n30_bl0.250_rep087.fa,ok
yule_n30_bl0.250_rep088,yule,30,0.25,AA,WAG+G5,500,1081237037,821044222,data/trees/yule_n30_bl0.250_rep088.nwk,data/sim/yule_n30_bl0.250_rep088.fa,ok
yule_n30_bl0.250_rep089,yule,30,0.25,AA,WAG+G5,500,1708812957,999227977,data/trees/yule_n30_bl0.250_rep089.nwk,data/sim/yule_n30_bl0.250_rep089.fa,ok
yule_n30_bl0.250_rep090,yule,30,0.25,AA,WAG+G5,500,970180618,236150261,data/trees/yule_n30_bl0.250_rep090.nwk,data/sim/yule_n30_bl0.250_rep090.fa,ok
yule_n30_bl0.250_rep091,yule,30,0.25,AA,WAG+G5,500,149964947,939170714,data/trees/yule_n30_bl0.250_rep091.nwk,data/sim/yule_n30_bl0.250_rep091.fa,ok
yule_n30_bl0.250_rep092,yule,30,0.25,AA,WAG+G5,500,937135089,1169566621,data/trees/yule_n30_bl0.250_rep092.nwk,data/sim/yule_n30_bl0.250_rep092.fa,ok
yule_n30_bl0.250_rep093,yule,30,0.25,AA,WAG+G5,500,1394639723,1648024243,data/trees/yule_n30_bl0.250_rep093.nwk,data/sim/yule_n30_bl0.250_rep093.fa,ok
yule_n30_bl0.250_rep094,yule,30,0.25,AA,WAG+G5,500,791416084,969091661,data/trees/yule_n30_bl0.250_rep094.nwk,data/sim/yule_n30_bl0.250_rep094.fa,ok
yule_n30_bl0.250_rep095,yule,30,0.25,AA,WAG+G5,500,1798991525,1117114087,data/trees/yule_n30_bl0.250_rep095.nwk,data/sim/yule_n30_bl0.250_rep095.fa,ok
yule_n30_bl0.250_rep096,yule,30,0.25,AA,WAG+G5,500,944300048,2058752885,data/trees/yule_n30_bl0.250_rep096.nwk,data/sim/yule_n30_bl0.250_rep096.fa,ok
yule_n30_bl0.250_rep097,yule,30,0.25,AA,WAG+G5,500,629822988,1840950427,data/trees/yule_n30_bl0.250_rep097.nwk,data/sim/yule_n30_bl0.250_rep097.fa,ok
yule_n30_bl0.250_rep098,yule,30,0.25,AA,WAG+G5,500,52872899,1281429129,data/trees/yule_n30_bl0.250_rep098.nwk,data/sim/yule_n30_bl0.250_rep098.fa,ok
yule_n30_bl0.250_rep099,yule,30,0.25,AA,WAG+G5,500,1091922677,739595756,data/trees/yule_n30_bl0.250_rep099.nwk,data/sim/yule_n30_bl0.250_rep099.fa,ok
yule_n30_bl0.250_rep100,yule,30,0.25,AA,WAG+G5,500,1293644950,2005205079,data/trees/yule_n30_bl0.250_rep100.nwk,data/sim/yule_n30_bl0.250_rep100.fa,ok
yule_n30_bl0.500_rep001,yule,30,0.5,AA,WAG+G5,500,997439817,161982959,data/trees/yule_n30_bl0.500_rep001.nwk,data/sim/yule_n30_bl0.500_rep001.fa,ok
yule_n30_bl0.500_rep002,yule,30,0.5,AA,WAG+G5,500,980086473,1073334603,data/trees/yule_n30_bl0.500_rep002.nwk,data/sim/yule_n30_bl0.500_rep002.fa,ok
yule_n30_bl0.500_rep003,yule,30,0.5,AA,WAG+G5,500,1301007735,950110864,data/trees/yule_n30_bl0.500_rep003.nwk,data/sim/yule_n30_bl0.500_rep003.fa,ok
yule_n30_bl0.500_rep004,yule,30,0.5,AA,WAG+G5,500,1052763006,184016144,data/trees/yule_n30_bl0.500_rep004.nwk,data/sim/yule_n30_bl0.500_rep004.fa,ok
yule_n30_bl0.500_rep005,yule,30,0.5,AA,WAG+G5,500,1024884485,1614505914,data/trees/yule_n30_bl0.500_rep005.nwk,data/sim/yule_n30_bl0.500_rep005.fa,ok
yule_n30_bl0.500_rep006,yule,30,0.5,AA,WAG+G5,500,1729791727,1813602900,data/trees/yule_n30_bl0.500_rep006.nwk,data/sim/yule_n30_bl0.500_rep006.fa,ok
yule_n30_bl0.500_rep007,yule,30,0.5,AA,WAG+G5,500,73681211,1540723802,data/trees/yule_n30_bl0.500_rep007.nwk,data/sim/yule_n30_bl0.500_rep007.fa,ok
yule_n30_bl0.500_rep008,yule,30,0.5,AA,WAG+G5,500,1394515640,881800865,data/trees/yule_n30_bl0.500_rep008.nwk,data/sim/yule_n30_bl0.500_rep008.fa,ok
yule_n30_bl0.500_rep009,yule,30,0.5,AA,WAG+G5,500,1265701408,97849116,data/trees/yule_n30_bl0.500_rep009.nwk,data/sim/yule_n30_bl0.500_rep009.fa,ok
yule_n30_bl0.500_rep010,yule,30,0.5,AA,WAG+G5,500,877699226,909594592,data/trees/yule_n30_bl0.500_rep010.nwk,data/sim/yule_n30_bl0.500_rep010.fa,ok
yule_n30_bl0.500_rep011,yule,30,0.5,AA,WAG+G5,500,832625203,2143618478,data/trees/yule_n30_bl0.500_rep011.nwk,data/sim/yule_n30_bl0.500_rep011.fa,ok
yule_n30_bl0.500_rep012,yule,30,0.5,AA,WAG+G5,500,191610316,1722162278,data/trees/yule_n30_bl0.500_rep012.nwk,data/sim/yule_n30_bl0.500_rep012.fa,ok
yule_n30_bl0.500_rep013,yule,30,0.5,AA,WAG+G5,500,1969698420,300204949,data/trees/yule_n30_bl0.500_rep013.nwk,data/sim/yule_n30_bl0.500_rep013.fa,ok
yule_n30_bl0.500_rep014,yule,30,0.5,AA,WAG+G5,500,1996291390,896102982,data/trees/yule_n30_bl0.500_rep014.nwk,data/sim/yule_n30_bl0.500_rep014.fa,ok
yule_n30_bl0.500_rep015,yule,30,0.5,AA,WAG+G5,500,859327990,1950251741,data/trees/yule_n30_bl0.500_rep015.nwk,data/sim/yule_n30_bl0.500_rep015.fa,ok
yule_n30_bl0.500_rep016,yule,30,0.5,AA,WAG+G5,500,238309131,1614391,data/trees/yule_n30_bl0.500_rep016.nwk,data/sim/yule_n30_bl0.500_rep016.fa,ok
yule_n30_bl0.500_rep017,yule,30,0.5,AA,WAG+G5,500,283870722,1160976765,data/trees/yule_n30_bl0.500_rep017.nwk,data/sim/yule_n30_bl0.500_rep017.fa,ok
yule_n30_bl0.500_rep018,yule,30,0.5,AA,WAG+G5,500,86053618,239686152,data/trees/yule_n30_bl0.500_rep018.nwk,data/sim/yule_n30_bl0.500_rep018.fa,ok
yule_n30_bl0.500_rep019,yule,30,0.5,AA,WAG+G5,500,356815369,32263485,data/trees/yule_n30_bl0.500_rep019.nwk,data/sim/yule_n30_bl0.500_rep019.fa,ok
yule_n30_bl0.500_rep020,yule,30,0.5,AA,WAG+G5,500,434797922,1027087358,data/trees/yule_n30_bl0.500_rep020.nwk,data/sim/yule_n30_bl0.500_rep020.fa,ok
yule_n30_bl0.500_rep021,yule,30,0.5,AA,WAG+G5,500,1160913160,570053109,data/trees/yule_n30_bl0.500_rep021.nwk,data/sim/yule_n30_bl0.500_rep021.fa,ok
yule_n30_bl0.500_rep022,yule,30,0.5,AA,WAG+G5,500,814845566,363195179,data/trees/yule_n30_bl0.500_rep022.nwk,data/sim/yule_n30_bl0.500_rep022.fa,ok
yule_n30_bl0.500_rep023,yule,30,0.5,AA,WAG+G5,500,639505620,565292151,data/trees/yule_n30_bl0.500_rep023.nwk,data/sim/yule_n30_bl0.500_rep023.fa,ok
yule_n30_bl0.500_rep024,yule,30,0.5,AA,WAG+G5,500,1817812015,765453912,data/trees/yule_n30_bl0.500_rep024.nwk,data/sim/yule_n30_bl0.500_rep024.fa,ok
yule_n30_bl0.500_rep025,yule,30,0.5,AA,WAG+G5,500,1973252708,1321914224,data/trees/yule_n30_bl0.500_rep025.nwk,data/sim/yule_n30_bl0.500_rep025.fa,ok
yule_n30_bl0.500_rep026,yule,30,0.5,AA,WAG+G5,500,2115355757,1502981421,data/trees/yule_n30_bl0.500_rep026.nwk,data/sim/yule_n30_bl0.500_rep026.fa,ok
yule_n30_bl0.500_rep027,yule,30,0.5,AA,WAG+G5,500,751940323,1314036195,data/trees/yule_n30_bl0.500_rep027.nwk,data/sim/yule_n30_bl0.500_rep027.fa,ok
yule_n30_bl0.500_rep028,yule,30,0.5,AA,WAG+G5,500,144281648,493394994,data/trees/yule_n30_bl0.500_rep028.nwk,data/sim/yule_n30_bl0.500_rep028.fa,ok
yule_n30_bl0.500_rep029,yule,30,0.5,AA,WAG+G5,500,592689658,894841469,data/trees/yule_n30_bl0.500_rep029.nwk,data/sim/yule_n30_bl0.500_rep029.fa,ok
yule_n30_bl0.500_rep030,yule,30,0.5,AA,WAG+G5,500,1354057889,560920917,data/trees/yule_n30_bl0.500_rep030.nwk,data/sim/yule_n30_bl0.500_rep030.fa,ok
yule_n30_bl0.500_rep031,yule,30,0.5,AA,WAG+G5,500,1550919035,51974135,data/trees/yule_n30_bl0.500_rep031.nwk,data/sim/yule_n30_bl0.500_rep031.fa,ok
yule_n30_bl0.500_rep032,yule,30,0.5,AA,WAG+G5,500,1862274422,1509651660,data/trees/yule_n30_bl0.500_rep032.nwk,data/sim/yule_n30_bl0.500_rep032.fa,ok
yule_n30_bl0.500_rep033,yule,30,0.5,AA,WAG+G5,500,1775401874,1592817355,data/trees/yule_n30_bl0.500_rep033.nwk,data/sim/yule_n30_bl0.500_rep033.fa,ok
yule_n30_bl0.500_rep034,yule,30,0.5,AA,WAG+G5,500,713658075,1009088498,data/trees/yule_n30_bl0.500_rep034.nwk,data/sim/yule_n30_bl0.500_rep034.fa,ok
yule_n30_bl0.500_rep035,yule,30,0.5,AA,WAG+G5,500,1717417943,530978365,data/trees/yule_n30_bl0.500_rep035.nwk,data/sim/yule_n30_bl0.500_rep035.fa,ok
yule_n30_bl0.500_rep036,yule,30,0.5,AA,WAG+G5,500,1824283385,1614088104,data/trees/yule_n30_bl0.500_rep036.nwk,data/sim/yule_n30_bl0.500_rep036.fa,ok
yule_n30_bl0.500_rep037,yule,30,0.5,AA,WAG+G5,500,1136153136,1180508114,data/trees/yule_n30_bl0.500_rep037.nwk,data/sim/yule_n30_bl0.500_rep037.fa,ok
yule_n30_bl0.500_rep038,yule,30,0.5,AA,WAG+G5,500,2036257801,1169307768,data/trees/yule_n30_bl0.500_rep038.nwk,data/sim/yule_n30_bl0.500_rep038.fa,ok
yule_n30_bl0.500_rep039,yule,30,0.5,AA,WAG+G5,500,1424202742,2036582211,data/trees/yule_n30_bl0.500_rep039.nwk,data/sim/yule_n30_bl0.500_rep039.fa,ok
yule_n30_bl0.500_rep040,yule,30,0.5,AA,WAG+G5,500,254287471,339634966,data/trees/yule_n30_bl0.500_rep040.nwk,data/sim/yule_n30_bl0.500_rep040.fa,ok
yule_n30_bl0.500_rep041,yule,30,0.5,AA,WAG+G5,500,947410091,1870238420,data/trees/yule_n30_bl0.500_rep041.nwk,data/sim/yule_n30_bl0.500_rep041.fa,ok
yule_n30_bl0.500_rep042,yule,30,0.5,AA,WAG+G5,500,427131664,1316676096,data/trees/yule_n30_bl0.500_rep042.nwk,data/sim/yule_n30_bl0.500_rep042.fa,ok
yule_n30_bl0.500_rep043,yule,30,0.5,AA,WAG+G5,500,779451241,939701460,data/trees/yule_n30_bl0.500_rep043.nwk,data/sim/yule_n30_bl0.500_rep043.fa,ok
yule_n30_bl0.500_rep044,yule,30,0.5,AA,WAG+G5,500,1359648558,1251435385,data/trees/yule_n30_bl0.500_rep044.nwk,data/sim/yule_n30_bl0.500_rep044.fa,ok
yule_n30_bl0.500_rep045,yule,30,0.5,AA,WAG+G5,500,1228234868,65131063,data/trees/yule_n30_bl0.500_rep045.nwk,data/sim/yule_n30_bl0.500_rep045.fa,ok
yule_n30_bl0.500_rep046,yule,30,0.5,AA,WAG+G5,500,1048161164,34798507,data/trees/yule_n30_bl0.500_rep046.nwk,data/sim/yule_n30_bl0.500_rep046.fa,ok
yule_n30_bl0.500_rep047,yule,30,0.5,AA,WAG+G5,500,931130489,1808546496,data/trees/yule_n30_bl0.500_rep047.nwk,data/sim/yule_n30_bl0.500_rep047.fa,ok
yule_n30_bl0.500_rep048,yule,30,0.5,AA,WAG+G5,500,292484872,390159861,data/trees/yule_n30_bl0.500_rep048.nwk,data/sim/yule_n30_bl0.500_rep048.fa,ok
yule_n30_bl0.500_rep049,yule,30,0.5,AA,WAG+G5,500,1829343890,1780892943,data/trees/yule_n30_bl0.500_rep049.nwk,data/sim/yule_n30_bl0.500_rep049.fa,ok
yule_n30_bl0.500_rep050,yule,30,0.5,AA,WAG+G5,500,2045259836,1166798021,data/trees/yule_n30_bl0.500_rep050.nwk,data/sim/yule_n30_bl0.500_rep050.fa,ok
yule_n30_bl0.500_rep051,yule,30,0.5,AA,WAG+G5,500,454129075,655162495,data/trees/yule_n30_bl0.500_rep051.nwk,data/sim/yule_n30_bl0.500_rep051.fa,ok
yule_n30_bl0.500_rep052,yule,30,0.5,AA,WAG+G5,500,1265934014,1349961441,data/trees/yule_n30_bl0.500_rep052.nwk,data/sim/yule_n30_bl0.500_rep052.fa,ok
yule_n30_bl0.500_rep053,yule,30,0.5,AA,WAG+G5,500,23385536,1491825460,data/trees/yule_n30_bl0.500_rep053.nwk,data/sim/yule_n30_bl0.500_rep053.fa,ok
yule_n30_bl0.500_rep054,yule,30,0.5,AA,WAG+G5,500,987312015,494619206,data/trees/yule_n30_bl0.500_rep054.nwk,data/sim/yule_n30_bl0.500_rep054.fa,ok
yule_n30_bl0.500_rep055,yule,30,0.5,AA,WAG+G5,500,176739497,1709143073,data/trees/yule_n30_bl0.500_rep055.nwk,data/sim/yule_n30_bl0.500_rep055.fa,ok
yule_n30_bl0.500_rep056,yule,30,0.5,AA,WAG+G5,500,869889250,1599369211,data/trees/yule_n30_bl0.500_rep056.nwk,data/sim/yule_n30_bl0.500_rep056.fa,ok
yule_n30_bl0.500_rep057,yule,30,0.5,AA,WAG+G5,500,1171696492,9411791,data/trees/yule_n30_bl0.500_rep057.nwk,data/sim/yule_n30_bl0.500_rep057.fa,ok
yule_n30_bl0.500_rep058,yule,30,0.5,AA,WAG+G5,500,2103427458,455035667,data/trees/yule_n30_bl0.500_rep058.nwk,data/sim/yule_n30_bl0.500_rep058.fa,ok
yule_n30_bl0.500_rep059,yule,30,0.5,AA,WAG+G5,500,968424887,494733286,data/trees/yule_n30_bl0.500_rep059.nwk,data/sim/yule_n30_bl0.500_rep059.fa,ok
yule_n30_bl0.500_rep060,yule,30,0.5,AA,WAG+G5,500,1140337928,1791411887,data/trees/yule_n30_bl0.500_rep060.nwk,data/sim/yule_n30_bl0.500_rep060.fa,ok
yule_n30_bl0.500_rep061,yule,30,0.5,AA,WAG+G5,500,903662117,1614898039,data/trees/yule_n30_bl0.500_rep061.nwk,data/sim/yule_n30_bl0.500_rep061.fa,ok
yule_n30_bl0.500_rep062,yule,30,0.5,AA,WAG+G5,500,1369246304,917682890,data/trees/yule_n30_bl0.500_rep062.nwk,data/sim/yule_n30_bl0.500_rep062.fa,ok
yule_n30_bl0.500_rep063,yule,30,0.5,AA,WAG+G5,500,815175714,509667990,data/trees/yule_n30_bl0.500_rep063.nwk,data/sim/yule_n30_bl0.500_rep063.fa,ok
yule_n30_bl0.500_rep064,yule,30,0.5,AA,WAG+G5,500,903630477,765223844,data/trees/yule_n30_bl0.500_rep064.nwk,data/sim/yule_n30_bl0.500_rep064.fa,ok
yule_n30_bl0.500_rep065,yule,30,0.5,AA,WAG+G5,500,814185428,204974425,data/trees/yule_n30_bl0.500_rep065.nwk,data/sim/yule_n30_bl0.500_rep065.fa,ok
yule_n30_bl0.500_rep066,yule,30,0.5,AA,WAG+G5,500,432613851,1766962991,data/trees/yule_n30_bl0.500_rep066.nwk,data/sim/yule_n30_bl0.500_rep066.fa,ok
yule_n30_bl0.500_rep067,yule,30,0.5,AA,WAG+G5,500,535378180,294181746,data/trees/yule_n30_bl0.500_rep067.nwk,data/sim/yule_n30_bl0.500_rep067.fa,ok
yule_n30_bl0.500_rep068,yule,30,0.5,AA,WAG+G5,500,982996505,1982323905,data/trees/yule_n30_bl0.500_rep068.nwk,data/sim/yule_n30_bl0.500_rep068.fa,ok
yule_n30_bl0.500_rep069,yule,30,0.5,AA,WAG+G5,500,756650838,1490638670,data/trees/yule_n30_bl0.500_rep069.nwk,data/sim/yule_n30_bl0.500_rep069.fa,ok
yule_n30_bl0.500_rep070,yule,30,0.5,AA,WAG+G5,500,1689427652,827187864,data/trees/yule_n30_bl0.500_rep070.nwk,data/sim/yule_n30_bl0.500_rep070.fa,ok
yule_n30_bl0.500_rep071,yule,30,0.5,AA,WAG+G5,500,240028131,2127583521,data/trees/yule_n30_bl0.500_rep071.nwk,data/sim/yule_n30_bl0.500_rep071.fa,ok
yule_n30_bl0.500_rep072,yule,30,0.5,AA,WAG+G5,500,473610158,570965603,data/trees/yule_n30_bl0.500_rep072.nwk,data/sim/yule_n30_bl0.500_rep072.fa,ok
yule_n30_bl0.500_rep073,yule,30,0.5,AA,WAG+G5,500,1934340365,1579544117,data/trees/yule_n30_bl0.500_rep073.nwk,data/sim/yule_n30_bl0.500_rep073.fa,ok
yule_n30_bl0.500_rep074,yule,30,0.5,AA,WAG+G5,500,1561515583,1789677392,data/trees/yule_n30_bl0.500_rep074.nwk,data/sim/yule_n30_bl0.500_rep074.fa,ok
yule_n30_bl0.500_rep075,yule,30,0.5,AA,WAG+G5,500,113094288,1022181217,data/trees/yule_n30_bl0.500_rep075.nwk,data/sim/yule_n30_bl0.500_rep075.fa,ok
yule_n30_bl0.500_rep076,yule,30,0.5,AA,WAG+G5,500,1882459944,936472105,data/trees/yule_n30_bl0.500_rep076.nwk,data/sim/yule_n30_bl0.500_rep076.fa,ok
yule_n30_bl0.500_rep077,yule,30,0.5,AA,WAG+G5,500,1121868708,1828417048,data/trees/yule_n30_bl0.500_rep077.nwk,data/sim/yule_n30_bl0.500_rep077.fa,ok
yule_n30_bl0.500_rep078,yule,30,0.5,AA,WAG+G5,500,1702748096,2004048535,data/trees/yule_n30_bl0.500_rep078.nwk,data/sim/yule_n30_bl0.500_rep078.fa,ok
yule_n30_bl0.500_rep079,yule,30,0.5,AA,WAG+G5,500,271172212,1786022040,data/trees/yule_n30_bl0.500_rep079.nwk,data/sim/yule_n30_bl0.500_rep079.fa,ok
yule_n30_bl0.500_rep080,yule,30,0.5,AA,WAG+G5,500,1716909506,1135658639,data/trees/yule_n30_bl0.500_rep080.nwk,data/sim/yule_n30_bl0.500_rep080.fa,ok
yule_n30_bl0.500_rep081,yule,30,0.5,AA,WAG+G5,500,1031054031,516030107,data/trees/yule_n30_bl0.500_rep081.nwk,data/sim/yule_n30_bl0.500_rep081.fa,ok
yule_n30_bl0.500_rep082,yule,30,0.5,AA,WAG+G5,500,941072310,1965352203,data/trees/yule_n30_bl0.500_rep082.nwk,data/sim/yule_n30_bl0.500_rep082.fa,ok
yule_n30_bl0.500_rep083,yule,30,0.5,AA,WAG+G5,500,39969480,990686394,data/trees/yule_n30_bl0.500_rep083.nwk,data/sim/yule_n30_bl0.500_rep083.fa,ok
yule_n30_bl0.500_rep084,yule,30,0.5,AA,WAG+G5,500,1663483900,1527247701,data/trees/yule_n30_bl0.500_rep084.nwk,data/sim/yule_n30_bl0.500_rep084.fa,ok
yule_n30_bl0.500_rep085,yule,30,0.5,AA,WAG+G5,500,534966781,876785296,data/trees/yule_n30_bl0.500_rep085.nwk,data/sim/yule_n30_bl0.500_rep085.fa,ok
yule_n30_bl0.500_rep086,yule,30,0.5,AA,WAG+G5,500,62570296,842564839,data/trees/yule_n30_bl0.500_rep086.nwk,data/sim/yule_n30_bl0.500_rep086.fa,ok
yule_n30_bl0.500_rep087,yule,30,0.5,AA,WAG+G5,500,1870634778,2091240871,data/trees/yule_n30_bl0.500_rep087.nwk,data/sim/yule_n30_bl0.500_rep087.fa,ok
yule_n30_bl0.500_rep088,yule,30,0.5,AA,WAG+G5,500,1626905455,468248081,data/trees/yule_n30_bl0.500_rep088.nwk,data/sim/yule_n30_bl0.500_rep088.fa,ok
yule_n30_bl0.500_rep089,yule,30,0.5,AA,WAG+G5,500,357579107,1380363080,data/trees/yule_n30_bl0.500_rep089.nwk,data/sim/yule_n30_bl0.500_rep089.fa,ok
yule_n30_bl0.500_rep090,yule,30,0.5,AA,WAG+G5,500,403196654,1130592705,data/trees/yule_n30_bl0.500_rep090.nwk,data/sim/yule_n30_bl0.500_rep090.fa,ok
yule_n30_bl0.500_rep091,yule,30,0.5,AA,WAG+G5,500,971274022,377622188,data/trees/yule_n30_bl0.500_rep091.nwk,data/sim/yule_n30_bl0.500_rep091.fa,ok
yule_n30_bl0.500_rep092,yule,30,0.5,AA,WAG+G5,500,1477676704,1602761541,data/trees/yule_n30_bl0.500_rep092.nwk,data/sim/yule_n30_bl0.500_rep092.fa,ok
yule_n30_bl0.500_rep093,yule,30,0.5,AA,WAG+G5,500,808179545,150354118,data/trees/yule_n30_bl0.500_rep093.nwk,data/sim/yule_n30_bl0.500_rep093.fa,ok
yule_n30_bl0.500_rep094,yule,30,0.5,AA,WAG+G5,500,1727185433,979856969,data/trees/yule_n30_bl0.500_rep094.nwk,data/sim/yule_n30_bl0.500_rep094.fa,ok
yule_n30_bl0.500_rep095,yule,30,0.5,AA,WAG+G5,500,1364057860,1479522114,data/trees/yule_n30_bl0.500_rep095.nwk,data/sim/yule_n30_bl0.500_rep095.fa,ok
yule_n30_bl0.500_rep096,yule,30,0.5,AA,WAG+G5,500,1995818782,1409685139,data/trees/yule_n30_bl0.500_rep096.nwk,data/sim/yule_n30_bl0.500_rep096.fa,ok
yule_n30_bl0.500_rep097,yule,30,0.5,AA,WAG+G5,500,700062352,1543407564,data/trees/yule_n30_bl0.500_rep097.nwk,data/sim/yule_n30_bl0.500_rep097.fa,ok
yule_n30_bl0.500_rep098,yule,30,0.5,AA,WAG+G5,500,367759687,232069339,data/trees/yule_n30_bl0.500_rep098.nwk,data/sim/yule_n30_bl0.500_rep098.fa,ok
yule_n30_bl0.500_rep099,yule,30,0.5,AA,WAG+G5,500,1796195629,1064857940,data/trees/yule_n30_bl0.500_rep099.nwk,data/sim/yule_n30_bl0.500_rep099.fa,ok
yule_n30_bl0.500_rep100,yule,30,0.5,AA,WAG+G5,500,805758531,1208950035,data/trees/yule_n30_bl0.500_rep100.nwk,data/sim/yule_n30_bl0.500_rep100.fa,ok
yule_n30_bl0.625_rep001,yule,30,0.625,AA,WAG+G5,500,1824874937,761446387,data/trees/yule_n30_bl0.625_rep001.nwk,data/sim/yule_n30_bl0.625_rep001.fa,ok
yule_n30_bl0.625_rep002,yule,30,0.625,AA,WAG+G5,500,407190430,902547968,data/trees/yule_n30_bl0.625_rep002.nwk,data/sim/yule_n30_bl0.625_rep002.fa,ok
yule_n30_bl0.625_rep003,yule,30,0.625,AA,WAG+G5,500,1987284864,70090022,data/trees/yule_n30_bl0.625_rep003.nwk,data/sim/yule_n30_bl0.625_rep003.fa,ok
yule_n30_bl0.625_rep004,yule,30,0.625,AA,WAG+G5,500,624593175,2086498173,data/trees/yule_n30_bl0.625_rep004.nwk,data/sim/yule_n30_bl0.625_rep004.fa,ok
yule_n30_bl0.625_rep005,yule,30,0.625,AA,WAG+G5,500,1428217301,1119881328,data/trees/yule_n30_bl0.625_rep005.nwk,data/sim/yule_n30_bl0.625_rep005.fa,ok
yule_n30_bl0.625_rep006,yule,30,0.625,AA,WAG+G5,500,139256004,1278619416,data/trees/yule_n30_bl0.625_rep006.nwk,data/sim/yule_n30_bl0.625_rep006.fa,ok
yule_n30_bl0.625_rep007,yule,30,0.625,AA,WAG+G5,500,445883901,708247772,data/trees/yule_n30_bl0.625_rep007.nwk,data/sim/yule_n30_bl0.625_rep007.fa,ok
yule_n30_bl0.625_rep008,yule,30,0.625,AA,WAG+G5,500,1264990962,1097073242,data/trees/yule_n30_bl0.625_rep008.nwk,data/sim/yule_n30_bl0.625_rep008.fa,ok
yule_n30_bl0.625_rep009,yule,30,0.625,AA,WAG+G5,500,739421191,774130488,data/trees/yule_n30_bl0.625_rep009.nwk,data/sim/yule_n30_bl0.625_rep009.fa,ok
yule_n30_bl0.625_rep010,yule,30,0.625,AA,WAG+G5,500,1740975316,446768076,data/trees/yule_n30_bl0.625_rep010.nwk,data/sim/yule_n30_bl0.625_rep010.fa,ok
yule_n30_bl0.625_rep011,yule,30,0.625,AA,WAG+G5,500,1971588703,1948610846,data/trees/yule_n30_bl0.625_rep011.nwk,data/sim/yule_n30_bl0.625_rep011.fa,ok
yule_n30_bl0.625_rep012,yule,30,0.625,AA,WAG+G5,500,1368145576,545927280,data/trees/yule_n30_bl0.625_rep012.nwk,data/sim/yule_n30_bl0.625_rep012.fa,ok
yule_n30_bl0.625_rep013,yule,30,0.625,AA,WAG+G5,500,633616632,1441419009,data/trees/yule_n30_bl0.625_rep013.nwk,data/sim/yule_n30_bl0.625_rep013.fa,ok
yule_n30_bl0.625_rep014,yule,30,0.625,AA,WAG+G5,500,989706072,1507086386,data/trees/yule_n30_bl0.625_rep014.nwk,data/sim/yule_n30_bl0.625_rep014.fa,ok
yule_n30_bl0.625_rep015,yule,30,0.625,AA,WAG+G5,500,2079008345,262931740,data/trees/yule_n30_bl0.625_rep015.nwk,data/sim/yule_n30_bl0.625_rep015.fa,ok
yule_n30_bl0.625_rep016,yule,30,0.625,AA,WAG+G5,500,1959835381,310676247,data/trees/yule_n30_bl0.625_rep016.nwk,data/sim/yule_n30_bl0.625_rep016.fa,ok
yule_n30_bl0.625_rep017,yule,30,0.625,AA,WAG+G5,500,820795315,1897844785,data/trees/yule_n30_bl0.625_rep017.nwk,data/sim/yule_n30_bl0.625_rep017.fa,ok
yule_n30_bl0.625_rep018,yule,30,0.625,AA,WAG+G5,500,1916100863,481040302,data/trees/yule_n30_bl0.625_rep018.nwk,data/sim/yule_n30_bl0.625_rep018.fa,ok
yule_n30_bl0.625_rep019,yule,30,0.625,AA,WAG+G5,500,1292332727,1633205091,data/trees/yule_n30_bl0.625_rep019.nwk,data/sim/yule_n30_bl0.625_rep019.fa,ok
yule_n30_bl0.625_rep020,yule,30,0.625,AA,WAG+G5,500,2121738546,1545192288,data/trees/yule_n30_bl0.625_rep020.nwk,data/sim/yule_n30_bl0.625_rep020.fa,ok
yule_n30_bl0.625_rep021,yule,30,0.625,AA,WAG+G5,500,887785293,1520858036,data/trees/yule_n30_bl0.625_rep021.nwk,data/sim/yule_n30_bl0.625_rep021.fa,ok
yule_n30_bl0.625_rep022,yule,30,0.625,AA,WAG+G5,500,1538103895,724402079,data/trees/yule_n30_bl0.625_rep022.nwk,data/sim/yule_n30_bl0.625_rep022.fa,ok
yule_n30_bl0.625_rep023,yule,30,0.625,AA,WAG+G5,500,234040896,245845180,data/trees/yule_n30_bl0.625_rep023.nwk,data/sim/yule_n30_bl0.625_rep023.fa,ok
yule_n30_bl0.625_rep024,yule,30,0.625,AA,WAG+G5,500,309424542,1700691597,data/trees/yule_n30_bl0.625_rep024.nwk,data/sim/yule_n30_bl0.625_rep024.fa,ok
yule_n30_bl0.625_rep025,yule,30,0.625,AA,WAG+G5,500,1375043145,119857389,data/trees/yule_n30_bl0.625_rep025.nwk,data/sim/yule_n30_bl0.625_rep025.fa,ok
yule_n30_bl0.625_rep026,yule,30,0.625,AA,WAG+G5,500,1156384083,633810490,data/trees/yule_n30_bl0.625_rep026.nwk,data/sim/yule_n30_bl0.625_rep026.fa,ok
yule_n30_bl0.625_rep027,yule,30,0.625,AA,WAG+G5,500,928077843,1904401528,data/trees/yule_n30_bl0.625_rep027.nwk,data/sim/yule_n30_bl0.625_rep027.fa,ok
yule_n30_bl0.625_rep028,yule,30,0.625,AA,WAG+G5,500,1310189761,1970404117,data/trees/yule_n30_bl0.625_rep028.nwk,data/sim/yule_n30_bl0.625_rep028.fa,ok
yule_n30_bl0.625_rep029,yule,30,0.625,AA,WAG+G5,500,754025166,1156395998,data/trees/yule_n30_bl0.625_rep029.nwk,data/sim/yule_n30_bl0.625_rep029.fa,ok
yule_n30_bl0.625_rep030,yule,30,0.625,AA,WAG+G5,500,1240066816,1567088685,data/trees/yule_n30_bl0.625_rep030.nwk,data/sim/yule_n30_bl0.625_rep030.fa,ok
yule_n30_bl0.625_rep031,yule,30,0.625,AA,WAG+G5,500,1892223110,1967583879,data/trees/yule_n30_bl0.625_rep031.nwk,data/sim/yule_n30_bl0.625_rep031.fa,ok
yule_n30_bl0.625_rep032,yule,30,0.625,AA,WAG+G5,500,1959907187,1321733699,data/trees/yule_n30_bl0.625_rep032.nwk,data/sim/yule_n30_bl0.625_rep032.fa,ok
yule_n30_bl0.625_rep033,yule,30,0.625,AA,WAG+G5,500,1361213579,1236194276,data/trees/yule_n30_bl0.625_rep033.nwk,data/sim/yule_n30_bl0.625_rep033.fa,ok
yule_n30_bl0.625_rep034,yule,30,0.625,AA,WAG+G5,500,1510014675,1830376630,data/trees/yule_n30_bl0.625_rep034.nwk,data/sim/yule_n30_bl0.625_rep034.fa,ok
yule_n30_bl0.625_rep035,yule,30,0.625,AA,WAG+G5,500,1630941175,41427984,data/trees/yule_n30_bl0.625_rep035.nwk,data/sim/yule_n30_bl0.625_rep035.fa,ok
yule_n30_bl0.625_rep036,yule,30,0.625,AA,WAG+G5,500,1830636460,737739074,data/trees/yule_n30_bl0.625_rep036.nwk,data/sim/yule_n30_bl0.625_rep036.fa,ok
yule_n30_bl0.625_rep037,yule,30,0.625,AA,WAG+G5,500,1477737026,1395967210,data/trees/yule_n30_bl0.625_rep037.nwk,data/sim/yule_n30_bl0.625_rep037.fa,ok
yule_n30_bl0.625_rep038,yule,30,0.625,AA,WAG+G5,500,1746722184,56979616,data/trees/yule_n30_bl0.625_rep038.nwk,data/sim/yule_n30_bl0.625_rep038.fa,ok
yule_n30_bl0.625_rep039,yule,30,0.625,AA,WAG+G5,500,2031641207,1630229265,data/trees/yule_n30_bl0.625_rep039.nwk,data/sim/yule_n30_bl0.625_rep039.fa,ok
yule_n30_bl0.625_rep040,yule,30,0.625,AA,WAG+G5,500,843732310,1256875261,data/trees/yule_n30_bl0.625_rep040.nwk,data/sim/yule_n30_bl0.625_rep040.fa,ok
yule_n30_bl0.625_rep041,yule,30,0.625,AA,WAG+G5,500,1276543471,1670737156,data/trees/yule_n30_bl0.625_rep041.nwk,data/sim/yule_n30_bl0.625_rep041.fa,ok
yule_n30_bl0.625_rep042,yule,30,0.625,AA,WAG+G5,500,167599754,722155093,data/trees/yule_n30_bl0.625_rep042.nwk,data/sim/yule_n30_bl0.625_rep042.fa,ok
yule_n30_bl0.625_rep043,yule,30,0.625,AA,WAG+G5,500,1575949607,1852832431,data/trees/yule_n30_bl0.625_rep043.nwk,data/sim/yule_n30_bl0.625_rep043.fa,ok
yule_n30_bl0.625_rep044,yule,30,0.625,AA,WAG+G5,500,1155034657,1573361916,data/trees/yule_n30_bl0.625_rep044.nwk,data/sim/yule_n30_bl0.625_rep044.fa,ok
yule_n30_bl0.625_rep045,yule,30,0.625,AA,WAG+G5,500,1536942614,112014097,data/trees/yule_n30_bl0.625_rep045.nwk,data/sim/yule_n30_bl0.625_rep045.fa,ok
yule_n30_bl0.625_rep046,yule,30,0.625,AA,WAG+G5,500,1889875037,205577307,data/trees/yule_n30_bl0.625_rep046.nwk,data/sim/yule_n30_bl0.625_rep046.fa,ok
yule_n30_bl0.625_rep047,yule,30,0.625,AA,WAG+G5,500,914192647,1295494480,data/trees/yule_n30_bl0.625_rep047.nwk,data/sim/yule_n30_bl0.625_rep047.fa,ok
yule_n30_bl0.625_rep048,yule,30,0.625,AA,WAG+G5,500,1097615123,634652073,data/trees/yule_n30_bl0.625_rep048.nwk,data/sim/yule_n30_bl0.625_rep048.fa,ok
yule_n30_bl0.625_rep049,yule,30,0.625,AA,WAG+G5,500,1080529018,1198214835,data/trees/yule_n30_bl0.625_rep049.nwk,data/sim/yule_n30_bl0.625_rep049.fa,ok
yule_n30_bl0.625_rep050,yule,30,0.625,AA,WAG+G5,500,810779582,412829688,data/trees/yule_n30_bl0.625_rep050.nwk,data/sim/yule_n30_bl0.625_rep050.fa,ok
yule_n30_bl0.625_rep051,yule,30,0.625,AA,WAG+G5,500,426416952,901599596,data/trees/yule_n30_bl0.625_rep051.nwk,data/sim/yule_n30_bl0.625_rep051.fa,ok
yule_n30_bl0.625_rep052,yule,30,0.625,AA,WAG+G5,500,1205940691,793129831,data/trees/yule_n30_bl0.625_rep052.nwk,data/sim/yule_n30_bl0.625_rep052.fa,ok
yule_n30_bl0.625_rep053,yule,30,0.625,AA,WAG+G5,500,1468614573,688620712,data/trees/yule_n30_bl0.625_rep053.nwk,data/sim/yule_n30_bl0.625_rep053.fa,ok
yule_n30_bl0.625_rep054,yule,30,0.625,AA,WAG+G5,500,1939022287,313044886,data/trees/yule_n30_bl0.625_rep054.nwk,data/sim/yule_n30_bl0.625_rep054.fa,ok
yule_n30_bl0.625_rep055,yule,30,0.625,AA,WAG+G5,500,1330772061,1028899116,data/trees/yule_n30_bl0.625_rep055.nwk,data/sim/yule_n30_bl0.625_rep055.fa,ok
yule_n30_bl0.625_rep056,yule,30,0.625,AA,WAG+G5,500,1027518921,1026974511,data/trees/yule_n30_bl0.625_rep056.nwk,data/sim/yule_n30_bl0.625_rep056.fa,ok
yule_n30_bl0.625_rep057,yule,30,0.625,AA,WAG+G5,500,1376009433,1227781837,data/trees/yule_n30_bl0.625_rep057.nwk,data/sim/yule_n30_bl0.625_rep057.fa,ok
yule_n30_bl0.625_rep058,yule,30,0.625,AA,WAG+G5,500,251128273,537566039,data/trees/yule_n30_bl0.625_rep058.nwk,data/sim/yule_n30_bl0.625_rep058.fa,ok
yule_n30_bl0.625_rep059,yule,30,0.625,AA,WAG+G5,500,763210817,1508372583,data/trees/yule_n30_bl0.625_rep059.nwk,data/sim/yule_n30_bl0.625_rep059.fa,ok
yule_n30_bl0.625_rep060,yule,30,0.625,AA,WAG+G5,500,605967762,513224150,data/trees/yule_n30_bl0.625_rep060.nwk,data/sim/yule_n30_bl0.625_rep060.fa,ok
yule_n30_bl0.625_rep061,yule,30,0.625,AA,WAG+G5,500,917263951,945943412,data/trees/yule_n30_bl0.625_rep061.nwk,data/sim/yule_n30_bl0.625_rep061.fa,ok
yule_n30_bl0.625_rep062,yule,30,0.625,AA,WAG+G5,500,1874221538,834187040,data/trees/yule_n30_bl0.625_rep062.nwk,data/sim/yule_n30_bl0.625_rep062.fa,ok
yule_n30_bl0.625_rep063,yule,30,0.625,AA,WAG+G5,500,1842662972,506220627,data/trees/yule_n30_bl0.625_rep063.nwk,data/sim/yule_n30_bl0.625_rep063.fa,ok
yule_n30_bl0.625_rep064,yule,30,0.625,AA,WAG+G5,500,1953192205,2021312157,data/trees/yule_n30_bl0.625_rep064.nwk,data/sim/yule_n30_bl0.625_rep064.fa,ok
yule_n30_bl0.625_rep065,yule,30,0.625,AA,WAG+G5,500,1905591221,349613281,data/trees/yule_n30_bl0.625_rep065.nwk,data/sim/yule_n30_bl0.625_rep065.fa,ok
yule_n30_bl0.625_rep066,yule,30,0.625,AA,WAG+G5,500,555564333,130815206,data/trees/yule_n30_bl0.625_rep066.nwk,data/sim/yule_n30_bl0.625_rep066.fa,ok
yule_n30_bl0.625_rep067,yule,30,0.625,AA,WAG+G5,500,1563704784,2086027296,data/trees/yule_n30_bl0.625_rep067.nwk,data/sim/yule_n30_bl0.625_rep067.fa,ok
yule_n30_bl0.625_rep068,yule,30,0.625,AA,WAG+G5,500,1778169,90120886,data/trees/yule_n30_bl0.625_rep068.nwk,data/sim/yule_n30_bl0.625_rep068.fa,ok
yule_n30_bl0.625_rep069,yule,30,0.625,AA,WAG+G5,500,769985921,1394553314,data/trees/yule_n30_bl0.625_rep069.nwk,data/sim/yule_n30_bl0.625_rep069.fa,ok
yule_n30_bl0.625_rep070,yule,30,0.625,AA,WAG+G5,500,1045636258,256298665,data/trees/yule_n30_bl0.625_rep070.nwk,data/sim/yule_n30_bl0.625_rep070.fa,ok
yule_n30_bl0.625_rep071,yule,30,0.625,AA,WAG+G5,500,1807513048,373715366,data/trees/yule_n30_bl0.625_rep071.nwk,data/sim/yule_n30_bl0.625_rep071.fa,ok
yule_n30_bl0.625_rep072,yule,30,0.625,AA,WAG+G5,500,1961914759,2091602059,data/trees/yule_n30_bl0.625_rep072.nwk,data/sim/yule_n30_bl0.625_rep072.fa,ok
yule_n30_bl0.625_rep073,yule,30,0.625,AA,WAG+G5,500,1533715708,1462659516,data/trees/yule_n30_bl0.625_rep073.nwk,data/sim/yule_n30_bl0.625_rep073.fa,ok
yule_n30_bl0.625_rep074,yule,30,0.625,AA,WAG+G5,500,810035917,1432061612,data/trees/yule_n30_bl0.625_rep074.nwk,data/sim/yule_n30_bl0.625_rep074.fa,ok
yule_n30_bl0.625_rep075,yule,30,0.625,AA,WAG+G5,500,1242504699,1659100346,data/trees/yule_n30_bl0.625_rep075.nwk,data/sim/yule_n30_bl0.625_rep075.fa,ok
yule_n30_bl0.625_rep076,yule,30,0.625,AA,WAG+G5,500,1968538034,839209691,data/trees/yule_n30_bl0.625_rep076.nwk,data/sim/yule_n30_bl0.625_rep076.fa,ok
yule_n30_bl0.625_rep077,yule,30,0.625,AA,WAG+G5,500,797555458,1755739915,data/trees/yule_n30_bl0.625_rep077.nwk,data/sim/yule_n30_bl0.625_rep077.fa,ok
yule_n30_bl0.625_rep078,yule,30,0.625,AA,WAG+G5,500,1024260264,559261277,data/trees/yule_n30_bl0.625_rep078.nwk,data/sim/yule_n30_bl0.625_rep078.fa,ok
yule_n30_bl0.625_rep079,yule,30,0.625,AA,WAG+G5,500,2037654761,1069350732,data/trees/yule_n30_bl0.625_rep079.nwk,data/sim/yule_n30_bl0.625_rep079.fa,ok
yule_n30_bl0.625_rep080,yule,30,0.625,AA,WAG+G5,500,697289672,1753983547,data/trees/yule_n30_bl0.625_rep080.nwk,data/sim/yule_n30_bl0.625_rep080.fa,ok
yule_n30_bl0.625_rep081,yule,30,0.625,AA,WAG+G5,500,495724494,855502257,data/trees/yule_n30_bl0.625_rep081.nwk,data/sim/yule_n30_bl0.625_rep081.fa,ok
yule_n30_bl0.625_rep082,yule,30,0.625,AA,WAG+G5,500,534780361,1932413703,data/trees/yule_n30_bl0.625_rep082.nwk,data/sim/yule_n30_bl0.625_rep082.fa,ok
yule_n30_bl0.625_rep083,yule,30,0.625,AA,WAG+G5,500,887469918,31200251,data/trees/yule_n30_bl0.625_rep083.nwk,data/sim/yule_n30_bl0.625_rep083.fa,ok
yule_n30_bl0.625_rep084,yule,30,0.625,AA,WAG+G5,500,240674021,655721045,data/trees/yule_n30_bl0.625_rep084.nwk,data/sim/yule_n30_bl0.625_rep084.fa,ok
yule_n30_bl0.625_rep085,yule,30,0.625,AA,WAG+G5,500,539688453,1237974376,data/trees/yule_n30_bl0.625_rep085.nwk,data/sim/yule_n30_bl0.625_rep085.fa,ok
yule_n30_bl0.625_rep086,yule,30,0.625,AA,WAG+G5,500,603856336,388589420,data/trees/yule_n30_bl0.625_rep086.nwk,data/sim/yule_n30_bl0.625_rep086.fa,ok
yule_n30_bl0.625_rep087,yule,30,0.625,AA,WAG+G5,500,815230485,1924609795,data/trees/yule_n30_bl0.625_rep087.nwk,data/sim/yule_n30_bl0.625_rep087.fa,ok
yule_n30_bl0.625_rep088,yule,30,0.625,AA,WAG+G5,500,1687140182,340249994,data/trees/yule_n30_bl0.625_rep088.nwk,data/sim/yule_n30_bl0.625_rep088.fa,ok
yule_n30_bl0.625_rep089,yule,30,0.625,AA,WAG+G5,500,973789357,1554671792,data/trees/yule_n30_bl0.625_rep089.nwk,data/sim/yule_n30_bl0.625_rep089.fa,ok
yule_n30_bl0.625_rep090,yule,30,0.625,AA,WAG+G5,500,413496939,1341820580,data/trees/yule_n30_bl0.625_rep090.nwk,data/sim/yule_n30_bl0.625_rep090.fa,ok
yule_n30_bl0.625_rep091,yule,30,0.625,AA,WAG+G5,500,341792735,2049883774,data/trees/yule_n30_bl0.625_rep091.nwk,data/sim/yule_n30_bl0.625_rep091.fa,ok
yule_n30_bl0.625_rep092,yule,30,0.625,AA,WAG+G5,500,1182151187,1837898991,data/trees/yule_n30_bl0.625_rep092.nwk,data/sim/yule_n30_bl0.625_rep092.fa,ok
yule_n30_bl0.625_rep093,yule,30,0.625,AA,WAG+G5,500,1057793162,1216455811,data/trees/yule_n30_bl0.625_rep093.nwk,data/sim/yule_n30_bl0.625_rep093.fa,ok
yule_n30_bl0.625_rep094,yule,30,0.625,AA,WAG+G5,500,959950931,148532131,data/trees/yule_n30_bl0.625_rep094.nwk,data/sim/yule_n30_bl0.625_rep094.fa,ok
yule_n30_bl0.625_rep095,yule,30,0.625,AA,WAG+G5,500,1045350968,1654779609,data/trees/yule_n30_bl0.625_rep095.nwk,data/sim/yule_n30_bl0.625_rep095.fa,ok
yule_n30_bl0.625_rep096,yule,30,0.625,AA,WAG+G5,500,957673236,617415685,data/trees/yule_n30_bl0.625_rep096.nwk,data/sim/yule_n30_bl0.625_rep096.fa,ok
yule_n30_bl0.625_rep097,yule,30,0.625,AA,WAG+G5,500,2079380547,1243662425,data/trees/yule_n30_bl0.625_rep097.nwk,data/sim/yule_n30_bl0.625_rep097.fa,ok
yule_n30_bl0.625_rep098,yule,30,0.625,AA,WAG+G5,500,1607917341,1382282174,data/trees/yule_n30_bl0.625_rep098.nwk,data/sim/yule_n30_bl0.625_rep098.fa,ok
yule_n30_bl0.625_rep099,yule,30,0.625,AA,WAG+G5,500,1626268684,1917042598,data/trees/yule_n30_bl0.625_rep099.nwk,data/sim/yule_n30_bl0.625_rep099.fa,ok
yule_n30_bl0.625_rep100,yule,30,0.625,AA,WAG+G5,500,1821317253,1066913987,data/trees/yule_n30_bl0.625_rep100.nwk,data/sim/yule_n30_bl0.625_rep100.fa,ok
yule_n30_bl0.750_rep001,yule,30,0.75,AA,WAG+G5,500,681286495,1109999872,data/trees/yule_n30_bl0.750_rep001.nwk,data/sim/yule_n30_bl0.750_rep001.fa,ok
yule_n30_bl0.750_rep002,yule,30,0.75,AA,WAG+G5,500,2085039487,416870783,data/trees/yule_n30_bl0.750_rep002.nwk,data/sim/yule_n30_bl0.750_rep002.fa,ok
yule_n30_bl0.750_rep003,yule,30,0.75,AA,WAG+G5,500,1571122315,402826632,data/trees/yule_n30_bl0.750_rep003.nwk,data/sim/yule_n30_bl0.750_rep003.fa,ok
yule_n30_bl0.750_rep004,yule,30,0.75,AA,WAG+G5,500,833632372,1543556383,data/trees/yule_n30_bl0.750_rep004.nwk,data/sim/yule_n30_bl0.750_rep004.fa,ok
yule_n30_bl0.750_rep005,yule,30,0.75,AA,WAG+G5,500,981280618,143617534,data/trees/yule_n30_bl0.750_rep005.nwk,data/sim/yule_n30_bl0.750_rep005.fa,ok
yule_n30_bl0.750_rep006,yule,30,0.75,AA,WAG+G5,500,2114109607,1402142802,data/trees/yule_n30_bl0.750_rep006.nwk,data/sim/yule_n30_bl0.750_rep006.fa,ok
yule_n30_bl0.750_rep007,yule,30,0.75,AA,WAG+G5,500,1629456788,948791538,data/trees/yule_n30_bl0.750_rep007.nwk,data/sim/yule_n30_bl0.750_rep007.fa,ok
yule_n30_bl0.750_rep008,yule,30,0.75,AA,WAG+G5,500,1874024682,601026366,data/trees/yule_n30_bl0.750_rep008.nwk,data/sim/yule_n30_bl0.750_rep008.fa,ok
yule_n30_bl0.750_rep009,yule,30,0.75,AA,WAG+G5,500,1612542364,1131290568,data/trees/yule_n30_bl0.750_rep009.nwk,data/sim/yule_n30_bl0.750_rep009.fa,ok
yule_n30_bl0.750_rep010,yule,30,0.75,AA,WAG+G5,500,1698797868,1610549503,data/trees/yule_n30_bl0.750_rep010.nwk,data/sim/yule_n30_bl0.750_rep010.fa,ok
yule_n30_bl0.750_rep011,yule,30,0.75,AA,WAG+G5,500,2146443896,1144694808,data/trees/yule_n30_bl0.750_rep011.nwk,data/sim/yule_n30_bl0.750_rep011.fa,ok
yule_n30_bl0.750_rep012,yule,30,0.75,AA,WAG+G5,500,365295037,445981611,data/trees/yule_n30_bl0.750_rep012.nwk,data/sim/yule_n30_bl0.750_rep012.fa,ok
yule_n30_bl0.750_rep013,yule,30,0.75,AA,WAG+G5,500,1422813751,452730069,data/trees/yule_n30_bl0.750_rep013.nwk,data/sim/yule_n30_bl0.750_rep013.fa,ok
yule_n30_bl0.750_rep014,yule,30,0.75,AA,WAG+G5,500,1637883711,2103747746,data/trees/yule_n30_bl0.750_rep014.nwk,data/sim/yule_n30_bl0.750_rep014.fa,ok
yule_n30_bl0.750_rep015,yule,30,0.75,AA,WAG+G5,500,210370275,1069656863,data/trees/yule_n30_bl0.750_rep015.nwk,data/sim/yule_n30_bl0.750_rep015.fa,ok
yule_n30_bl0.750_rep016,yule,30,0.75,AA,WAG+G5,500,191883900,696871386,data/trees/yule_n30_bl0.750_rep016.nwk,data/sim/yule_n30_bl0.750_rep016.fa,ok
yule_n30_bl0.750_rep017,yule,30,0.75,AA,WAG+G5,500,2124437964,734180216,data/trees/yule_n30_bl0.750_rep017.nwk,data/sim/yule_n30_bl0.750_rep017.fa,ok
yule_n30_bl0.750_rep018,yule,30,0.75,AA,WAG+G5,500,1867572257,1557354361,data/trees/yule_n30_bl0.750_rep018.nwk,data/sim/yule_n30_bl0.750_rep018.fa,ok
yule_n30_bl0.750_rep019,yule,30,0.75,AA,WAG+G5,500,2029098726,2077095159,data/trees/yule_n30_bl0.750_rep019.nwk,data/sim/yule_n30_bl0.750_rep019.fa,ok
yule_n30_bl0.750_rep020,yule,30,0.75,AA,WAG+G5,500,382121340,1262934115,data/trees/yule_n30_bl0.750_rep020.nwk,data/sim/yule_n30_bl0.750_rep020.fa,ok
yule_n30_bl0.750_rep021,yule,30,0.75,AA,WAG+G5,500,262164757,86732438,data/trees/yule_n30_bl0.750_rep021.nwk,data/sim/yule_n30_bl0.750_rep021.fa,ok
yule_n30_bl0.750_rep022,yule,30,0.75,AA,WAG+G5,500,528807570,515584819,data/trees/yule_n30_bl0.750_rep022.nwk,data/sim/yule_n30_bl0.750_rep022.fa,ok
yule_n30_bl0.750_rep023,yule,30,0.75,AA,WAG+G5,500,683537712,1966658536,data/trees/yule_n30_bl0.750_rep023.nwk,data/sim/yule_n30_bl0.750_rep023.fa,ok
yule_n30_bl0.750_rep024,yule,30,0.75,AA,WAG+G5,500,1511417748,292668075,data/trees/yule_n30_bl0.750_rep024.nwk,data/sim/yule_n30_bl0.750_rep024.fa,ok
yule_n30_bl0.750_rep025,yule,30,0.75,AA,WAG+G5,500,144623133,330954409,data/trees/yule_n30_bl0.750_rep025.nwk,data/sim/yule_n30_bl0.750_rep025.fa,ok
yule_n30_bl0.750_rep026,yule,30,0.75,AA,WAG+G5,500,1883712919,506651560,data/trees/yule_n30_bl0.750_rep026.nwk,data/sim/yule_n30_bl0.750_rep026.fa,ok
yule_n30_bl0.750_rep027,yule,30,0.75,AA,WAG+G5,500,221086940,1760066782,data/trees/yule_n30_bl0.750_rep027.nwk,data/sim/yule_n30_bl0.750_rep027.fa,ok
yule_n30_bl0.750_rep028,yule,30,0.75,AA,WAG+G5,500,555813617,1758237699,data/trees/yule_n30_bl0.750_rep028.nwk,data/sim/yule_n30_bl0.750_rep028.fa,ok
yule_n30_bl0.750_rep029,yule,30,0.75,AA,WAG+G5,500,633736855,304419936,data/trees/yule_n30_bl0.750_rep029.nwk,data/sim/yule_n30_bl0.750_rep029.fa,ok
yule_n30_bl0.750_rep030,yule,30,0.75,AA,WAG+G5,500,1124555082,294372575,data/trees/yule_n30_bl0.750_rep030.nwk,data/sim/yule_n30_bl0.750_rep030.fa,ok
yule_n30_bl0.750_rep031,yule,30,0.75,AA,WAG+G5,500,877859698,1377375164,data/trees/yule_n30_bl0.750_rep031.nwk,data/sim/yule_n30_bl0.750_rep031.fa,ok
yule_n30_bl0.750_rep032,yule,30,0.75,AA,WAG+G5,500,876301458,1585535030,data/trees/yule_n30_bl0.750_rep032.nwk,data/sim/yule_n30_bl0.750_rep032.fa,ok
yule_n30_bl0.750_rep033,yule,30,0.75,AA,WAG+G5,500,503392694,1534090277,data/trees/yule_n30_bl0.750_rep033.nwk,data/sim/yule_n30_bl0.750_rep033.fa,ok
yule_n30_bl0.750_rep034,yule,30,0.75,AA,WAG+G5,500,396125582,335668228,data/trees/yule_n30_bl0.750_rep034.nwk,data/sim/yule_n30_bl0.750_rep034.fa,ok
yule_n30_bl0.750_rep035,yule,30,0.75,AA,WAG+G5,500,1505428952,1288747221,data/trees/yule_n30_bl0.750_rep035.nwk,data/sim/yule_n30_bl0.750_rep035.fa,ok
yule_n30_bl0.750_rep036,yule,30,0.75,AA,WAG+G5,500,1126304759,339208473,data/trees/yule_n30_bl0.750_rep036.nwk,data/sim/yule_n30_bl0.750_rep036.fa,ok
yule_n30_bl0.750_rep037,yule,30,0.75,AA,WAG+G5,500,289376437,1472690822,data/trees/yule_n30_bl0.750_rep037.nwk,data/sim/yule_n30_bl0.750_rep037.fa,ok
yule_n30_bl0.750_rep038,yule,30,0.75,AA,WAG+G5,500,1274774549,983404100,data/trees/yule_n30_bl0.750_rep038.nwk,data/sim/yule_n30_bl0.750_rep038.fa,ok
yule_n30_bl0.750_rep039,yule,30,0.75,AA,WAG+G5,500,179919526,1525880352,data/trees/yule_n30_bl0.750_rep039.nwk,data/sim/yule_n30_bl0.750_rep039.fa,ok
yule_n30_bl0.750_rep040,yule,30,0.75,AA,WAG+G5,500,153231739,833909555,data/trees/yule_n30_bl0.750_rep040.nwk,data/sim/yule_n30_bl0.750_rep040.fa,ok
yule_n30_bl0.750_rep041,yule,30,0.75,AA,WAG+G5,500,1673618193,1883036441,data/trees/yule_n30_bl0.750_rep041.nwk,data/sim/yule_n30_bl0.750_rep041.fa,ok
yule_n30_bl0.750_rep042,yule,30,0.75,AA,WAG+G5,500,1073793620,557234019,data/trees/yule_n30_bl0.750_rep042.nwk,data/sim/yule_n30_bl0.750_rep042.fa,ok
yule_n30_bl0.750_rep043,yule,30,0.75,AA,WAG+G5,500,1537140407,477563013,data/trees/yule_n30_bl0.750_rep043.nwk,data/sim/yule_n30_bl0.750_rep043.fa,ok
yule_n30_bl0.750_rep044,yule,30,0.75,AA,WAG+G5,500,1587215460,1508217967,data/trees/yule_n30_bl0.750_rep044.nwk,data/sim/yule_n30_bl0.750_rep044.fa,ok
yule_n30_bl0.750_rep045,yule,30,0.75,AA,WAG+G5,500,1542241076,1298725908,data/trees/yule_n30_bl0.750_rep045.nwk,data/sim/yule_n30_bl0.750_rep045.fa,ok
yule_n30_bl0.750_rep046,yule,30,0.75,AA,WAG+G5,500,1260398987,922521803,data/trees/yule_n30_bl0.750_rep046.nwk,data/sim/yule_n30_bl0.750_rep046.fa,ok
yule_n30_bl0.750_rep047,yule,30,0.75,AA,WAG+G5,500,627255590,1323611362,data/trees/yule_n30_bl0.750_rep047.nwk,data/sim/yule_n30_bl0.750_rep047.fa,ok
yule_n30_bl0.750_rep048,yule,30,0.75,AA,WAG+G5,500,1363063299,1359615447,data/trees/yule_n30_bl0.750_rep048.nwk,data/sim/yule_n30_bl0.750_rep048.fa,ok
yule_n30_bl0.750_rep049,yule,30,0.75,AA,WAG+G5,500,1483694215,894773937,data/trees/yule_n30_bl0.750_rep049.nwk,data/sim/yule_n30_bl0.750_rep049.fa,ok
yule_n30_bl0.750_rep050,yule,30,0.75,AA,WAG+G5,500,1089452801,453299766,data/trees/yule_n30_bl0.750_rep050.nwk,data/sim/yule_n30_bl0.750_rep050.fa,ok
yule_n30_bl0.750_rep051,yule,30,0.75,AA,WAG+G5,500,1510033844,668114869,data/trees/yule_n30_bl0.750_rep051.nwk,data/sim/yule_n30_bl0.750_rep051.fa,ok
yule_n30_bl0.750_rep052,yule,30,0.75,AA,WAG+G5,500,33302338,1934633889,data/trees/yule_n30_bl0.750_rep052.nwk,data/sim/yule_n30_bl0.750_rep052.fa,ok
yule_n30_bl0.750_rep053,yule,30,0.75,AA,WAG+G5,500,1018957929,1023349600,data/trees/yule_n30_bl0.750_rep053.nwk,data/sim/yule_n30_bl0.750_rep053.fa,ok
yule_n30_bl0.750_rep054,yule,30,0.75,AA,WAG+G5,500,1142774763,438415882,data/trees/yule_n30_bl0.750_rep054.nwk,data/sim/yule_n30_bl0.750_rep054.fa,ok
yule_n30_bl0.750_rep055,yule,30,0.75,AA,WAG+G5,500,480304751,1987239692,data/trees/yule_n30_bl0.750_rep055.nwk,data/sim/yule_n30_bl0.750_rep055.fa,ok
yule_n30_bl0.750_rep056,yule,30,0.75,AA,WAG+G5,500,92324549,1359338355,data/trees/yule_n30_bl0.750_rep056.nwk,data/sim/yule_n30_bl0.750_rep056.fa,ok
yule_n30_bl0.750_rep057,yule,30,0.75,AA,WAG+G5,500,1539526855,1740624928,data/trees/yule_n30_bl0.750_rep057.nwk,data/sim/yule_n30_bl0.750_rep057.fa,ok
yule_n30_bl0.750_rep058,yule,30,0.75,AA,WAG+G5,500,773732355,63510558,data/trees/yule_n30_bl0.750_rep058.nwk,data/sim/yule_n30_bl0.750_rep058.fa,ok
yule_n30_bl0.750_rep059,yule,30,0.75,AA,WAG+G5,500,1841048030,1554472118,data/trees/yule_n30_bl0.750_rep059.nwk,data/sim/yule_n30_bl0.750_rep059.fa,ok
yule_n30_bl0.750_rep060,yule,30,0.75,AA,WAG+G5,500,184942834,1287759805,data/trees/yule_n30_bl0.750_rep060.nwk,data/sim/yule_n30_bl0.750_rep060.fa,ok
yule_n30_bl0.750_rep061,yule,30,0.75,AA,WAG+G5,500,142805394,1283538080,data/trees/yule_n30_bl0.750_rep061.nwk,data/sim/yule_n30_bl0.750_rep061.fa,ok
yule_n30_bl0.750_rep062,yule,30,0.75,AA,WAG+G5,500,1419552865,1973046913,data/trees/yule_n30_bl0.750_rep062.nwk,data/sim/yule_n30_bl0.750_rep062.fa,ok
yule_n30_bl0.750_rep063,yule,30,0.75,AA,WAG+G5,500,1498990514,659973438,data/trees/yule_n30_bl0.750_rep063.nwk,data/sim/yule_n30_bl0.750_rep063.fa,ok
yule_n30_bl0.750_rep064,yule,30,0.75,AA,WAG+G5,500,2047903160,416894259,data/trees/yule_n30_bl0.750_rep064.nwk,data/sim/yule_n30_bl0.750_rep064.fa,ok
yule_n30_bl0.750_rep065,yule,30,0.75,AA,WAG+G5,500,624180462,1443542546,data/trees/yule_n30_bl0.750_rep065.nwk,data/sim/yule_n30_bl0.750_rep065.fa,ok
yule_n30_bl0.750_rep066,yule,30,0.75,AA,WAG+G5,500,902571982,239212039,data/trees/yule_n30_bl0.750_rep066.nwk,data/sim/yule_n30_bl0.750_rep066.fa,ok
yule_n30_bl0.750_rep067,yule,30,0.75,AA,WAG+G5,500,168818862,2000861589,data/trees/yule_n30_bl0.750_rep067.nwk,data/sim/yule_n30_bl0.750_rep067.fa,ok
yule_n30_bl0.750_rep068,yule,30,0.75,AA,WAG+G5,500,2095725561,1623773207,data/trees/yule_n30_bl0.750_rep068.nwk,data/sim/yule_n30_bl0.750_rep068.fa,ok
yule_n30_bl0.750_rep069,yule,30,0.75,AA,WAG+G5,500,190292239,1025027143,data/trees/yule_n30_bl0.750_rep069.nwk,data/sim/yule_n30_bl0.750_rep069.fa,ok
yule_n30_bl0.750_rep070,yule,30,0.75,AA,WAG+G5,500,1818122469,1500356476,data/trees/yule_n30_bl0.750_rep070.nwk,data/sim/yule_n30_bl0.750_rep070.fa,ok
yule_n30_bl0.750_rep071,yule,30,0.75,AA,WAG+G5,500,440786479,1756673835,data/trees/yule_n30_bl0.750_rep071.nwk,data/sim/yule_n30_bl0.750_rep071.fa,ok
yule_n30_bl0.750_rep072,yule,30,0.75,AA,WAG+G5,500,100634484,1384553299,data/trees/yule_n30_bl0.750_rep072.nwk,data/sim/yule_n30_bl0.750_rep072.fa,ok
yule_n30_bl0.750_rep073,yule,30,0.75,AA,WAG+G5,500,1573622737,1499201047,data/trees/yule_n30_bl0.750_rep073.nwk,data/sim/yule_n30_bl0.750_rep073.fa,ok
yule_n30_bl0.750_rep074,yule,30,0.75,AA,WAG+G5,500,1038709707,1973633306,data/trees/yule_n30_bl0.750_rep074.nwk,data/sim/yule_n30_bl0.750_rep074.fa,ok
yule_n30_bl0.750_rep075,yule,30,0.75,AA,WAG+G5,500,1185531728,1697694402,data/trees/yule_n30_bl0.750_rep075.nwk,data/sim/yule_n30_bl0.750_rep075.fa,ok
yule_n30_bl0.750_rep076,yule,30,0.75,AA,WAG+G5,500,2030499111,270473539,data/trees/yule_n30_bl0.750_rep076.nwk,data/sim/yule_n30_bl0.750_rep076.fa,ok
yule_n30_bl0.750_rep077,yule,30,0.75,AA,WAG+G5,500,1183228625,681516487,data/trees/yule_n30_bl0.750_rep077.nwk,data/sim/yule_n30_bl0.750_rep077.fa,ok
yule_n30_bl0.750_rep078,yule,30,0.75,AA,WAG+G5,500,1447448900,367588414,data/trees/yule_n30_bl0.750_rep078.nwk,data/sim/yule_n30_bl0.750_rep078.fa,ok
yule_n30_bl0.750_rep079,yule,30,0.75,AA,WAG+G5,500,1688127944,1949103741,data/trees/yule_n30_bl0.750_rep079.nwk,data/sim/yule_n30_bl0.750_rep079.fa,ok
yule_n30_bl0.750_rep080,yule,30,0.75,AA,WAG+G5,500,1371336625,548596802,data/trees/yule_n30_bl0.750_rep080.nwk,data/sim/yule_n30_bl0.750_rep080.fa,ok
yule_n30_bl0.750_rep081,yule,30,0.75,AA,WAG+G5,500,265326594,384234085,data/trees/yule_n30_bl0.750_rep081.nwk,data/sim/yule_n30_bl0.750_rep081.fa,ok
yule_n30_bl0.750_rep082,yule,30,0.75,AA,WAG+G5,500,2067297644,15338446,data/trees/yule_n30_bl0.750_rep082.nwk,data/sim/yule_n30_bl0.750_rep082.fa,ok
yule_n30_bl0.750_rep083,yule,30,0.75,AA,WAG+G5,500,1815988365,1461747295,data/trees/yule_n30_bl0.750_rep083.nwk,data/sim/yule_n30_bl0.750_rep083.fa,ok
yule_n30_bl0.750_rep084,yule,30,0.75,AA,WAG+G5,500,384240556,1731300139,data/trees/yule_n30_bl0.750_rep084.nwk,data/sim/yule_n30_bl0.750_rep084.fa,ok
yule_n30_bl0.750_rep085,yule,30,0.75,AA,WAG+G5,500,1303425177,1125152216,data/trees/yule_n30_bl0.750_rep085.nwk,data/sim/yule_n30_bl0.750_rep085.fa,ok
yule_n30_bl0.750_rep086,yule,30,0.75,AA,WAG+G5,500,1116759351,1557825564,data/trees/yule_n30_bl0.750_rep086.nwk,data/sim/yule_n30_bl0.750_rep086.fa,ok
yule_n30_bl0.750_rep087,yule,30,0.75,AA,WAG+G5,500,41755534,171824210,data/trees/yule_n30_bl0.750_rep087.nwk,data/sim/yule_n30_bl0.750_rep087.fa,ok
yule_n30_bl0.750_rep088,yule,30,0.75,AA,WAG+G5,500,1172523519,65859499,data/trees/yule_n30_bl0.750_rep088.nwk,data/sim/yule_n30_bl0.750_rep088.fa,ok
yule_n30_bl0.750_rep089,yule,30,0.75,AA,WAG+G5,500,469912157,877410659,data/trees/yule_n30_bl0.750_rep089.nwk,data/sim/yule_n30_bl0.750_rep089.fa,ok
yule_n30_bl0.750_rep090,yule,30,0.75,AA,WAG+G5,500,1351256719,2003733667,data/trees/yule_n30_bl0.750_rep090.nwk,data/sim/yule_n30_bl0.750_rep090.fa,ok
yule_n30_bl0.750_rep091,yule,30,0.75,AA,WAG+G5,500,123335342,1593033632,data/trees/yule_n30_bl0.750_rep091.nwk,data/sim/yule_n30_bl0.750_rep091.fa,ok
yule_n30_bl0.750_rep092,yule,30,0.75,AA,WAG+G5,500,918323502,1726197090,data/trees/yule_n30_bl0.750_rep092.nwk,data/sim/yule_n30_bl0.750_rep092.fa,ok
yule_n30_bl0.750_rep093,yule,30,0.75,AA,WAG+G5,500,733689822,307891276,data/trees/yule_n30_bl0.750_rep093.nwk,data/sim/yule_n30_bl0.750_rep093.fa,ok
yule_n30_bl0.750_rep094,yule,30,0.75,AA,WAG+G5,500,1560997174,328992142,data/trees/yule_n30_bl0.750_rep094.nwk,data/sim/yule_n30_bl0.750_rep094.fa,ok
yule_n30_bl0.750_rep095,yule,30,0.75,AA,WAG+G5,500,1099097351,1355018386,data/trees/yule_n30_bl0.750_rep095.nwk,data/sim/yule_n30_bl0.750_rep095.fa,ok
yule_n30_bl0.750_rep096,yule,30,0.75,AA,WAG+G5,500,1848038765,1765997133,data/trees/yule_n30_bl0.750_rep096.nwk,data/sim/yule_n30_bl0.750_rep096.fa,ok
yule_n30_bl0.750_rep097,yule,30,0.75,AA,WAG+G5,500,1517146145,1682486092,data/trees/yule_n30_bl0.750_rep097.nwk,data/sim/yule_n30_bl0.750_rep097.fa,ok
yule_n30_bl0.750_rep098,yule,30,0.75,AA,WAG+G5,500,1762522992,708242388,data/trees/yule_n30_bl0.750_rep098.nwk,data/sim/yule_n30_bl0.750_rep098.fa,ok
yule_n30_bl0.750_rep099,yule,30,0.75,AA,WAG+G5,500,1954744630,1955900477,data/trees/yule_n30_bl0.750_rep099.nwk,data/sim/yule_n30_bl0.750_rep099.fa,ok
yule_n30_bl0.750_rep100,yule,30,0.75,AA,WAG+G5,500,1996445546,1084064640,data/trees/yule_n30_bl0.750_rep100.nwk,data/sim/yule_n30_bl0.750_rep100.fa,ok